rho_sim,scaled_rho_sim,theta_sim,genome_size_sim,depth_sim,seed_sim,mean,std,min,5%,25%,50%,75%,95%,max
0.01,5.0,0.01,10000.0,0.5,123.0,0.0,0.0,0.0,0.0,0.0,0.0,0.0,0.0,0.0
0.025,12.5,0.01,10000.0,0.5,123.0,56.000000000000014,7.290014651212246e-15,56.00000000000001,56.00000000000001,56.00000000000001,56.00000000000001,56.00000000000001,56.00000000000001,56.00000000000001
0.05,25.0,0.01,10000.0,0.5,123.0,100.0,0.0,100.0,100.0,100.0,100.0,100.0,100.0,100.0
0.075,37.5,0.01,10000.0,0.5,123.0,12.75,6.912041361962014,0.0,0.0,10.0,11.0,16.25,21.500000000000007,31.0
0.1,50.0,0.01,10000.0,0.5,123.0,11.05,16.38829813584906,0.0,0.0,5.250000000000001,7.000000000000001,7.250000000000001,51.60000000000001,63.0
0.01,5.0,0.01,25000.0,0.5,123.0,0.0,0.0,0.0,0.0,0.0,0.0,0.0,0.0,0.0
0.025,12.5,0.01,25000.0,0.5,123.0,1.75,1.860248992954834,0.0,0.0,0.0,1.0,2.25,5.0,5.0
0.05,25.0,0.01,25000.0,0.5,123.0,4.25,1.3717065820970682,0.0,1.9000000000000001,4.0,4.5,5.0,6.0,6.0
0.075,37.5,0.01,25000.0,0.5,123.0,71.05,32.16810286767411,9.0,10.9,53.0,81.5,100.0,100.0,100.0
0.1,50.0,0.01,25000.0,0.5,123.0,3.6,11.080566202519664,0.0,0.0,0.0,0.0,0.0,36.0,36.0
0.01,5.0,0.01,50000.0,0.5,123.0,0.35,0.48936048492959294,0.0,0.0,0.0,0.0,1.0,1.0,1.0
0.025,12.5,0.01,50000.0,0.5,123.0,0.0,0.0,0.0,0.0,0.0,0.0,0.0,0.0,0.0
0.05,25.0,0.01,50000.0,0.5,123.0,11.2,9.07048423241705,1.0,1.0,3.75,11.0,16.0,24.65000000000001,37.0
0.075,37.5,0.01,50000.0,0.5,123.0,52.95,44.44449524850897,1.0,1.0,3.75,47.5,100.0,100.0,100.0
0.1,50.0,0.01,50000.0,0.5,123.0,6.2,22.21805808938212,0.0,0.0,0.0,0.0,1.75,13.550000000000065,100.0
0.01,5.0,0.01,75000.0,0.5,123.0,0.2,0.41039134083406165,0.0,0.0,0.0,0.0,0.0,1.0,1.0
0.025,12.5,0.01,75000.0,0.5,123.0,2.55,1.4680814547887788,0.0,0.9500000000000001,2.0,2.5,3.0,4.150000000000002,7.000000000000001
0.05,25.0,0.01,75000.0,0.5,123.0,5.15,5.081183036718082,0.0,0.9500000000000001,1.75,3.0,6.0,18.0,18.0
0.075,37.5,0.01,75000.0,0.5,123.0,13.2,5.084548316118883,1.0,5.75,12.0,13.5,15.0,21.1,23.0
0.1,50.0,0.01,75000.0,0.5,123.0,2.05,2.187885304412267,0.0,0.0,0.0,1.0,3.0,7.000000000000001,7.000000000000001
0.01,5.0,0.01,100000.0,0.5,123.0,0.0,0.0,0.0,0.0,0.0,0.0,0.0,0.0,0.0
0.025,12.5,0.01,100000.0,0.5,123.0,3.75,3.850837229541266,0.0,0.0,0.0,3.0,7.000000000000001,11.100000000000001,13.0
0.05,25.0,0.01,100000.0,0.5,123.0,1.2,1.1964860832322377,0.0,0.0,0.0,1.0,2.0,3.0500000000000007,4.0
0.075,37.5,0.01,100000.0,0.5,123.0,4.4,8.946625356141716,0.0,0.0,0.0,0.5,2.25,25.0,25.0
0.1,50.0,0.01,100000.0,0.5,123.0,16.5,9.550420216712428,4.0,6.850000000000001,12.5,13.0,19.75,36.0,36.0
0.01,5.0,0.01,10000.0,1.0,123.0,0.0,0.0,0.0,0.0,0.0,0.0,0.0,0.0,0.0
0.025,12.5,0.01,10000.0,1.0,123.0,0.5,0.512989176042577,0.0,0.0,0.0,0.5,1.0,1.0,1.0
0.05,25.0,0.01,10000.0,1.0,123.0,5.55,2.114486375359025,3.0,3.0,3.75,5.5,8.0,8.0,8.0
0.075,37.5,0.01,10000.0,1.0,123.0,9.65,2.539685019840059,6.0,6.950000000000001,7.75,10.0,11.0,14.100000000000003,16.0
0.1,50.0,0.01,10000.0,1.0,123.0,1.3,0.5712405705774793,1.0,1.0,1.0,1.0,1.25,2.0500000000000007,3.0
0.01,5.0,0.01,25000.0,1.0,123.0,0.75,0.4442616583193193,0.0,0.0,0.75,1.0,1.0,1.0,1.0
0.025,12.5,0.01,25000.0,1.0,123.0,2.8,1.105012502906165,1.0,1.0,2.0,3.0,4.0,4.0,4.0
0.05,25.0,0.01,25000.0,1.0,123.0,4.7,1.2182817926554552,2.0,2.95,4.0,5.0,6.0,6.0,6.0
0.075,37.5,0.01,25000.0,1.0,123.0,7.1,0.9679060415469867,6.0,6.0,7.000000000000001,7.000000000000001,7.000000000000001,9.05,10.0
0.1,50.0,0.01,25000.0,1.0,123.0,6.85,1.0894228312566054,5.0,5.0,6.0,7.000000000000001,8.0,8.05,9.0
0.01,5.0,0.01,50000.0,1.0,123.0,0.1,0.30779350562554625,0.0,0.0,0.0,0.0,0.0,1.0,1.0
0.025,12.5,0.01,50000.0,1.0,123.0,1.15,0.36634754853252327,1.0,1.0,1.0,1.0,1.0,2.0,2.0
0.05,25.0,0.01,50000.0,1.0,123.0,7.3,1.0809352675491621,6.0,6.0,6.0,7.000000000000001,8.0,9.0,9.0
0.075,37.5,0.01,50000.0,1.0,123.0,6.6,1.2732056517228265,4.0,4.95,6.0,6.5,8.0,8.0,8.0
0.1,50.0,0.01,50000.0,1.0,123.0,4.75,0.6386663736585051,4.0,4.0,4.0,5.0,5.0,6.0,6.0
0.01,5.0,0.01,75000.0,1.0,123.0,0.05,0.22360679774997896,0.0,0.0,0.0,0.0,0.0,0.05000000000000071,1.0
0.025,12.5,0.01,75000.0,1.0,123.0,2.4,0.5026246899500347,2.0,2.0,2.0,2.0,3.0,3.0,3.0
0.05,25.0,0.01,75000.0,1.0,123.0,4.15,0.4893604849295929,3.0,3.95,4.0,4.0,4.0,5.0,5.0
0.075,37.5,0.01,75000.0,1.0,123.0,6.75,0.8506963092234008,6.0,6.0,6.0,7.000000000000001,7.000000000000001,8.05,9.0
0.1,50.0,0.01,75000.0,1.0,123.0,6.6,0.753937034925052,5.0,5.95,6.0,7.000000000000001,7.000000000000001,8.0,8.0
0.01,5.0,0.01,100000.0,1.0,123.0,0.1,0.30779350562554625,0.0,0.0,0.0,0.0,0.0,1.0,1.0
0.025,12.5,0.01,100000.0,1.0,123.0,2.0,0.3244428422615251,1.0,1.9500000000000002,2.0,2.0,2.0,2.0500000000000007,3.0
0.05,25.0,0.01,100000.0,1.0,123.0,4.65,0.7451598203705949,4.0,4.0,4.0,5.0,5.0,5.100000000000001,7.000000000000001
0.075,37.5,0.01,100000.0,1.0,123.0,5.7,0.6569466853317865,5.0,5.0,5.0,6.0,6.0,7.000000000000001,7.000000000000001
0.1,50.0,0.01,100000.0,1.0,123.0,5.7,0.8013147091860318,4.0,4.95,5.0,6.0,6.0,6.100000000000001,8.0
0.01,5.0,0.01,10000.0,2.5,123.0,1.0,0.0,1.0,1.0,1.0,1.0,1.0,1.0,1.0
0.025,12.5,0.01,10000.0,2.5,123.0,2.6,0.5026246899500346,2.0,2.0,2.0,3.0,3.0,3.0,3.0
0.05,25.0,0.01,10000.0,2.5,123.0,5.25,0.6386663736585051,4.0,4.0,5.0,5.0,6.0,6.0,6.0
0.075,37.5,0.01,10000.0,2.5,123.0,6.35,0.5871429486124001,5.0,5.95,6.0,6.0,7.000000000000001,7.000000000000001,7.000000000000001
0.1,50.0,0.01,10000.0,2.5,123.0,7.25,0.910465468000326,5.0,5.95,7.000000000000001,7.000000000000001,8.0,8.05,9.0
0.01,5.0,0.01,25000.0,2.5,123.0,1.0,0.0,1.0,1.0,1.0,1.0,1.0,1.0,1.0
0.025,12.5,0.01,25000.0,2.5,123.0,2.95,0.22360679774997896,2.0,2.95,3.0,3.0,3.0,3.0,3.0
0.05,25.0,0.01,25000.0,2.5,123.0,4.95,0.39403446282620613,4.0,4.0,5.0,5.0,5.0,5.050000000000001,6.0
0.075,37.5,0.01,25000.0,2.5,123.0,6.9,0.5525062514530825,6.0,6.0,7.000000000000001,7.000000000000001,7.000000000000001,8.0,8.0
0.1,50.0,0.01,25000.0,2.5,123.0,7.65,0.7451598203705947,6.0,6.0,7.000000000000001,8.0,8.0,8.05,9.0
0.01,5.0,0.01,50000.0,2.5,123.0,1.0,0.0,1.0,1.0,1.0,1.0,1.0,1.0,1.0
0.025,12.5,0.01,50000.0,2.5,123.0,4.0,0.0,4.0,4.0,4.0,4.0,4.0,4.0,4.0
0.05,25.0,0.01,50000.0,2.5,123.0,5.6,0.5026246899500345,5.0,5.0,5.0,6.0,6.0,6.0,6.0
0.075,37.5,0.01,50000.0,2.5,123.0,6.05,0.22360679774997913,6.0,6.0,6.0,6.0,6.0,6.050000000000001,7.000000000000001
0.1,50.0,0.01,50000.0,2.5,123.0,8.2,0.6155870112510925,7.000000000000001,7.000000000000001,8.0,8.0,9.0,9.0,9.0
0.01,5.0,0.01,75000.0,2.5,123.0,1.0,0.0,1.0,1.0,1.0,1.0,1.0,1.0,1.0
0.025,12.5,0.01,75000.0,2.5,123.0,3.2,0.4103913408340616,3.0,3.0,3.0,3.0,3.0,4.0,4.0
0.05,25.0,0.01,75000.0,2.5,123.0,5.0,0.0,5.0,5.0,5.0,5.0,5.0,5.0,5.0
0.075,37.5,0.01,75000.0,2.5,123.0,6.65,0.48936048492959333,6.0,6.0,6.0,7.000000000000001,7.000000000000001,7.000000000000001,7.000000000000001
0.1,50.0,0.01,75000.0,2.5,123.0,7.4,0.5026246899500342,7.000000000000001,7.000000000000001,7.000000000000001,7.000000000000001,8.0,8.0,8.0
0.01,5.0,0.01,100000.0,2.5,123.0,1.0,0.0,1.0,1.0,1.0,1.0,1.0,1.0,1.0
0.025,12.5,0.01,100000.0,2.5,123.0,3.0,0.0,3.0,3.0,3.0,3.0,3.0,3.0,3.0
0.05,25.0,0.01,100000.0,2.5,123.0,5.95,0.22360679774997888,5.0,5.95,6.0,6.0,6.0,6.0,6.0
0.075,37.5,0.01,100000.0,2.5,123.0,6.1,0.3077935056255465,6.0,6.0,6.0,6.0,6.0,7.000000000000001,7.000000000000001
0.1,50.0,0.01,100000.0,2.5,123.0,6.900000000000001,0.3077935056255465,6.0,6.0,7.000000000000001,7.000000000000001,7.000000000000001,7.000000000000001,7.000000000000001
0.01,5.0,0.01,10000.0,5.0,123.0,1.0,0.0,1.0,1.0,1.0,1.0,1.0,1.0,1.0
0.025,12.5,0.01,10000.0,5.0,123.0,3.8,0.4103913408340616,3.0,3.0,4.0,4.0,4.0,4.0,4.0
0.05,25.0,0.01,10000.0,5.0,123.0,6.7,0.6569466853317866,6.0,6.0,6.0,7.000000000000001,7.000000000000001,8.0,8.0
0.075,37.5,0.01,10000.0,5.0,123.0,5.6,0.5026246899500345,5.0,5.0,5.0,6.0,6.0,6.0,6.0
0.1,50.0,0.01,10000.0,5.0,123.0,7.4,0.7539370349250517,6.0,6.0,7.000000000000001,7.000000000000001,8.0,8.05,9.0
0.01,5.0,0.01,25000.0,5.0,123.0,1.0,0.0,1.0,1.0,1.0,1.0,1.0,1.0,1.0
0.025,12.5,0.01,25000.0,5.0,123.0,3.0,0.0,3.0,3.0,3.0,3.0,3.0,3.0,3.0
0.05,25.0,0.01,25000.0,5.0,123.0,4.35,0.48936048492959283,4.0,4.0,4.0,4.0,5.0,5.0,5.0
0.075,37.5,0.01,25000.0,5.0,123.0,6.35,0.4893604849295933,6.0,6.0,6.0,6.0,7.000000000000001,7.000000000000001,7.000000000000001
0.1,50.0,0.01,25000.0,5.0,123.0,6.05,0.22360679774997916,6.0,6.0,6.0,6.0,6.0,6.050000000000001,7.000000000000001
0.01,5.0,0.01,50000.0,5.0,123.0,1.0,0.0,1.0,1.0,1.0,1.0,1.0,1.0,1.0
0.025,12.5,0.01,50000.0,5.0,123.0,3.1,0.3077935056255462,3.0,3.0,3.0,3.0,3.0,4.0,4.0
0.05,25.0,0.01,50000.0,5.0,123.0,5.35,0.48936048492959283,5.0,5.0,5.0,5.0,6.0,6.0,6.0
0.075,37.5,0.01,50000.0,5.0,123.0,5.95,0.22360679774997894,5.0,5.95,6.0,6.0,6.0,6.0,6.0
0.1,50.0,0.01,50000.0,5.0,123.0,6.65,0.4893604849295934,6.0,6.0,6.0,7.000000000000001,7.000000000000001,7.000000000000001,7.000000000000001
0.01,5.0,0.01,75000.0,5.0,123.0,1.0,0.0,1.0,1.0,1.0,1.0,1.0,1.0,1.0
0.025,12.5,0.01,75000.0,5.0,123.0,3.2,0.4103913408340616,3.0,3.0,3.0,3.0,3.0,4.0,4.0
0.05,25.0,0.01,75000.0,5.0,123.0,5.0,0.0,5.0,5.0,5.0,5.0,5.0,5.0,5.0
0.075,37.5,0.01,75000.0,5.0,123.0,6.0,0.0,6.0,6.0,6.0,6.0,6.0,6.0,6.0
0.1,50.0,0.01,75000.0,5.0,123.0,7.000000000000002,9.112518314015307e-16,7.000000000000001,7.000000000000001,7.000000000000001,7.000000000000001,7.000000000000001,7.000000000000001,7.000000000000001
0.01,5.0,0.01,100000.0,5.0,123.0,1.0,0.0,1.0,1.0,1.0,1.0,1.0,1.0,1.0
0.025,12.5,0.01,100000.0,5.0,123.0,3.0,0.0,3.0,3.0,3.0,3.0,3.0,3.0,3.0
0.05,25.0,0.01,100000.0,5.0,123.0,5.65,0.48936048492959283,5.0,5.0,5.0,6.0,6.0,6.0,6.0
0.075,37.5,0.01,100000.0,5.0,123.0,6.0,0.0,6.0,6.0,6.0,6.0,6.0,6.0,6.0
0.1,50.0,0.01,100000.0,5.0,123.0,7.000000000000002,9.112518314015307e-16,7.000000000000001,7.000000000000001,7.000000000000001,7.000000000000001,7.000000000000001,7.000000000000001,7.000000000000001
0.01,5.0,0.01,10000.0,10.0,123.0,1.0,0.0,1.0,1.0,1.0,1.0,1.0,1.0,1.0
0.025,12.5,0.01,10000.0,10.0,123.0,3.85,0.36634754853252327,3.0,3.0,4.0,4.0,4.0,4.0,4.0
0.05,25.0,0.01,10000.0,10.0,123.0,5.05,0.22360679774997894,5.0,5.0,5.0,5.0,5.0,5.050000000000001,6.0
0.075,37.5,0.01,10000.0,10.0,123.0,5.35,0.48936048492959283,5.0,5.0,5.0,5.0,6.0,6.0,6.0
0.1,50.0,0.01,10000.0,10.0,123.0,5.2,0.4103913408340616,5.0,5.0,5.0,5.0,5.0,6.0,6.0
0.01,5.0,0.01,25000.0,10.0,123.0,1.0,0.0,1.0,1.0,1.0,1.0,1.0,1.0,1.0
0.025,12.5,0.01,25000.0,10.0,123.0,3.0,0.0,3.0,3.0,3.0,3.0,3.0,3.0,3.0
0.05,25.0,0.01,25000.0,10.0,123.0,4.0,0.0,4.0,4.0,4.0,4.0,4.0,4.0,4.0
0.075,37.5,0.01,25000.0,10.0,123.0,5.05,0.2236067977499789,5.0,5.0,5.0,5.0,5.0,5.050000000000001,6.0
0.1,50.0,0.01,25000.0,10.0,123.0,5.65,0.48936048492959283,5.0,5.0,5.0,6.0,6.0,6.0,6.0
0.01,5.0,0.01,50000.0,10.0,123.0,1.0,0.0,1.0,1.0,1.0,1.0,1.0,1.0,1.0
0.025,12.5,0.01,50000.0,10.0,123.0,3.0,0.0,3.0,3.0,3.0,3.0,3.0,3.0,3.0
0.05,25.0,0.01,50000.0,10.0,123.0,5.0,0.0,5.0,5.0,5.0,5.0,5.0,5.0,5.0
0.075,37.5,0.01,50000.0,10.0,123.0,5.0,0.0,5.0,5.0,5.0,5.0,5.0,5.0,5.0
0.1,50.0,0.01,50000.0,10.0,123.0,5.7,0.47016234598162726,5.0,5.0,5.0,6.0,6.0,6.0,6.0
0.01,5.0,0.01,75000.0,10.0,123.0,1.0,0.0,1.0,1.0,1.0,1.0,1.0,1.0,1.0
0.025,12.5,0.01,75000.0,10.0,123.0,3.0,0.0,3.0,3.0,3.0,3.0,3.0,3.0,3.0
0.05,25.0,0.01,75000.0,10.0,123.0,5.0,0.0,5.0,5.0,5.0,5.0,5.0,5.0,5.0
0.075,37.5,0.01,75000.0,10.0,123.0,5.0,0.0,5.0,5.0,5.0,5.0,5.0,5.0,5.0
0.1,50.0,0.01,75000.0,10.0,123.0,6.0,0.0,6.0,6.0,6.0,6.0,6.0,6.0,6.0
0.01,5.0,0.01,100000.0,10.0,123.0,1.0,0.0,1.0,1.0,1.0,1.0,1.0,1.0,1.0
0.025,12.5,0.01,100000.0,10.0,123.0,3.0,0.0,3.0,3.0,3.0,3.0,3.0,3.0,3.0
0.05,25.0,0.01,100000.0,10.0,123.0,5.0,0.0,5.0,5.0,5.0,5.0,5.0,5.0,5.0
0.075,37.5,0.01,100000.0,10.0,123.0,5.0,0.0,5.0,5.0,5.0,5.0,5.0,5.0,5.0
0.1,50.0,0.01,100000.0,10.0,123.0,5.95,0.2236067977499789,5.0,5.95,6.0,6.0,6.0,6.0,6.0
0.01,5.0,0.01,10000.0,0.5,456.0,8.7,4.758372123232682,3.0,3.0,3.0,9.5,13.0,13.100000000000001,15.0
0.025,12.5,0.01,10000.0,0.5,456.0,11.65,24.843245402025538,0.0,0.0,0.0,0.0,8.0,40.15000000000005,100.0
0.05,25.0,0.01,10000.0,0.5,456.0,9.25,16.86751783442771,0.0,0.0,0.0,0.0,8.0,38.650000000000006,51.0
0.075,37.5,0.01,10000.0,0.5,456.0,37.9,30.852620804824923,0.0,8.55,10.0,32.0,53.0,100.0,100.0
0.1,50.0,0.01,10000.0,0.5,456.0,,,,,,,,,
0.01,5.0,0.01,25000.0,0.5,456.0,0.0,0.0,0.0,0.0,0.0,0.0,0.0,0.0,0.0
0.025,12.5,0.01,25000.0,0.5,456.0,0.0,0.0,0.0,0.0,0.0,0.0,0.0,0.0,0.0
0.05,25.0,0.01,25000.0,0.5,456.0,0.0,0.0,0.0,0.0,0.0,0.0,0.0,0.0,0.0
0.075,37.5,0.01,25000.0,0.5,456.0,4.35,7.087980931422608,0.0,0.0,1.0,1.0,3.25,23.1,25.0
0.1,50.0,0.01,25000.0,0.5,456.0,16.6,9.875008327777966,5.0,6.900000000000001,9.0,14.000000000000002,20.0,40.05,41.0
0.01,5.0,0.01,50000.0,0.5,456.0,0.0,0.0,0.0,0.0,0.0,0.0,0.0,0.0,0.0
0.025,12.5,0.01,50000.0,0.5,456.0,25.0,31.343596676699036,0.0,1.9000000000000001,8.25,10.0,29.0,100.0,100.0
0.05,25.0,0.01,50000.0,0.5,456.0,6.95,3.2032056312059445,0.0,3.8000000000000003,5.0,6.5,9.0,11.150000000000002,14.000000000000002
0.075,37.5,0.01,50000.0,0.5,456.0,8.65,6.5315026078069875,0.0,0.9500000000000001,2.0,6.5,16.0,16.0,16.0
0.1,50.0,0.01,50000.0,0.5,456.0,0.0,0.0,0.0,0.0,0.0,0.0,0.0,0.0,0.0
0.01,5.0,0.01,75000.0,0.5,456.0,1.45,0.887041208323017,0.0,0.0,1.0,1.5,2.0,3.0,3.0
0.025,12.5,0.01,75000.0,0.5,456.0,33.5,30.17928882005357,7.000000000000001,7.95,14.000000000000002,15.0,42.75,95.25,100.0
0.05,25.0,0.01,75000.0,0.5,456.0,0.15,0.6708203932499373,0.0,0.0,0.0,0.0,0.0,0.15000000000000213,3.0
0.075,37.5,0.01,75000.0,0.5,456.0,0.05,0.22360679774997888,0.0,0.0,0.0,0.0,0.0,0.05000000000000071,1.0
0.1,50.0,0.01,75000.0,0.5,456.0,9.45,3.691740425384896,2.0,3.9000000000000004,7.75,9.0,12.25,15.0,15.0
0.01,5.0,0.01,100000.0,0.5,456.0,0.5,0.6882472016116853,0.0,0.0,0.0,0.0,1.0,2.0,2.0
0.025,12.5,0.01,100000.0,0.5,456.0,7.55,11.46837757533847,0.0,0.0,1.0,4.0,10.25,19.650000000000023,51.0
0.05,25.0,0.01,100000.0,0.5,456.0,5.35,3.963982580024393,0.0,0.0,2.0,4.0,9.0,9.250000000000004,14.000000000000002
0.075,37.5,0.01,100000.0,0.5,456.0,28.75,18.24071501368645,1.0,10.5,12.0,23.0,50.0,50.400000000000006,57.99999999999999
0.1,50.0,0.01,100000.0,0.5,456.0,6.55,3.017056774233353,0.0,1.9000000000000001,4.0,7.000000000000001,9.0,10.0,10.0
0.01,5.0,0.01,10000.0,1.0,456.0,0.15,0.3663475485325232,0.0,0.0,0.0,0.0,0.0,1.0,1.0
0.025,12.5,0.01,10000.0,1.0,456.0,3.4,0.7539370349250519,2.0,2.95,3.0,3.0,4.0,5.0,5.0
0.05,25.0,0.01,10000.0,1.0,456.0,7.6,2.280350850198276,4.0,4.0,6.0,7.000000000000001,9.25,11.05,12.0
0.075,37.5,0.01,10000.0,1.0,456.0,1.7,1.2607433062326867,0.0,0.0,1.0,1.0,2.25,4.0,4.0
0.1,50.0,0.01,10000.0,1.0,456.0,7.05,2.4596747752497685,5.0,5.0,5.0,7.000000000000001,7.250000000000001,11.200000000000003,15.0
0.01,5.0,0.01,25000.0,1.0,456.0,0.15,0.36634754853252316,0.0,0.0,0.0,0.0,0.0,1.0,1.0
0.025,12.5,0.01,25000.0,1.0,456.0,2.75,0.910465468000326,1.0,1.0,2.0,3.0,3.0,4.0,4.0
0.05,25.0,0.01,25000.0,1.0,456.0,0.9,0.44721359549995776,0.0,0.0,1.0,1.0,1.0,1.0500000000000007,2.0
0.075,37.5,0.01,25000.0,1.0,456.0,9.2,1.7947291248483563,5.0,6.900000000000001,8.0,9.5,11.0,11.05,12.0
0.1,50.0,0.01,25000.0,1.0,456.0,3.9,0.7880689256524123,3.0,3.0,3.0,4.0,4.0,5.050000000000001,6.0
0.01,5.0,0.01,50000.0,1.0,456.0,0.95,0.22360679774997902,0.0,0.9500000000000001,1.0,1.0,1.0,1.0,1.0
0.025,12.5,0.01,50000.0,1.0,456.0,1.0,0.0,1.0,1.0,1.0,1.0,1.0,1.0,1.0
0.05,25.0,0.01,50000.0,1.0,456.0,3.3,0.5712405705774793,2.0,2.95,3.0,3.0,4.0,4.0,4.0
0.075,37.5,0.01,50000.0,1.0,456.0,5.75,1.2085223687584248,4.0,4.0,5.0,6.0,6.25,8.0,8.0
0.1,50.0,0.01,50000.0,1.0,456.0,4.3,0.7326950970650465,3.0,3.95,4.0,4.0,4.25,6.0,6.0
0.01,5.0,0.01,75000.0,1.0,456.0,0.1,0.30779350562554625,0.0,0.0,0.0,0.0,0.0,1.0,1.0
0.025,12.5,0.01,75000.0,1.0,456.0,1.0,0.0,1.0,1.0,1.0,1.0,1.0,1.0,1.0
0.05,25.0,0.01,75000.0,1.0,456.0,4.65,0.6708203932499369,4.0,4.0,4.0,5.0,5.0,6.0,6.0
0.075,37.5,0.01,75000.0,1.0,456.0,4.0,0.45883146774112354,3.0,3.0,4.0,4.0,4.0,5.0,5.0
0.1,50.0,0.01,75000.0,1.0,456.0,5.95,0.998683343734455,5.0,5.0,5.0,6.0,6.25,8.0,8.0
0.01,5.0,0.01,100000.0,1.0,456.0,0.4,0.5026246899500346,0.0,0.0,0.0,0.0,1.0,1.0,1.0
0.025,12.5,0.01,100000.0,1.0,456.0,1.55,0.5104177855340405,1.0,1.0,1.0,2.0,2.0,2.0,2.0
0.05,25.0,0.01,100000.0,1.0,456.0,4.0,0.5619514869490163,3.0,3.0,4.0,4.0,4.0,5.0,5.0
0.075,37.5,0.01,100000.0,1.0,456.0,6.15,0.6708203932499373,5.0,5.0,6.0,6.0,7.000000000000001,7.000000000000001,7.000000000000001
0.1,50.0,0.01,100000.0,1.0,456.0,8.2,0.8335087534664904,7.000000000000001,7.000000000000001,8.0,8.0,8.25,10.0,10.0
0.01,5.0,0.01,10000.0,2.5,456.0,1.0,0.0,1.0,1.0,1.0,1.0,1.0,1.0,1.0
0.025,12.5,0.01,10000.0,2.5,456.0,3.9,0.44721359549995804,3.0,3.0,4.0,4.0,4.0,4.050000000000001,5.0
0.05,25.0,0.01,10000.0,2.5,456.0,4.05,0.3940344628262061,3.0,3.95,4.0,4.0,4.0,5.0,5.0
0.075,37.5,0.01,10000.0,2.5,456.0,4.35,0.5871429486123998,3.0,3.95,4.0,4.0,5.0,5.0,5.0
0.1,50.0,0.01,10000.0,2.5,456.0,6.0,0.7254762501100119,5.0,5.0,5.75,6.0,6.25,7.000000000000001,7.000000000000001
0.01,5.0,0.01,25000.0,2.5,456.0,1.0,0.0,1.0,1.0,1.0,1.0,1.0,1.0,1.0
0.025,12.5,0.01,25000.0,2.5,456.0,2.9,0.3077935056255462,2.0,2.0,3.0,3.0,3.0,3.0,3.0
0.05,25.0,0.01,25000.0,2.5,456.0,3.75,0.4442616583193193,3.0,3.0,3.75,4.0,4.0,4.0,4.0
0.075,37.5,0.01,25000.0,2.5,456.0,4.55,0.5104177855340405,4.0,4.0,4.0,5.0,5.0,5.0,5.0
0.1,50.0,0.01,25000.0,2.5,456.0,7.55,0.5104177855340399,7.000000000000001,7.000000000000001,7.000000000000001,8.0,8.0,8.0,8.0
0.01,5.0,0.01,50000.0,2.5,456.0,1.1,0.3077935056255462,1.0,1.0,1.0,1.0,1.0,2.0,2.0
0.025,12.5,0.01,50000.0,2.5,456.0,3.0,0.0,3.0,3.0,3.0,3.0,3.0,3.0,3.0
0.05,25.0,0.01,50000.0,2.5,456.0,3.85,0.36634754853252327,3.0,3.0,4.0,4.0,4.0,4.0,4.0
0.075,37.5,0.01,50000.0,2.5,456.0,5.0,0.0,5.0,5.0,5.0,5.0,5.0,5.0,5.0
0.1,50.0,0.01,50000.0,2.5,456.0,6.95,0.3940344628262062,6.0,6.0,7.000000000000001,7.000000000000001,7.000000000000001,7.050000000000002,8.0
0.01,5.0,0.01,75000.0,2.5,456.0,1.0,0.0,1.0,1.0,1.0,1.0,1.0,1.0,1.0
0.025,12.5,0.01,75000.0,2.5,456.0,2.5,0.512989176042577,2.0,2.0,2.0,2.5,3.0,3.0,3.0
0.05,25.0,0.01,75000.0,2.5,456.0,4.4,0.5026246899500345,4.0,4.0,4.0,4.0,5.0,5.0,5.0
0.075,37.5,0.01,75000.0,2.5,456.0,5.1,0.3077935056255463,5.0,5.0,5.0,5.0,5.0,6.0,6.0
0.1,50.0,0.01,75000.0,2.5,456.0,7.7,0.4701623459816268,7.000000000000001,7.000000000000001,7.000000000000001,8.0,8.0,8.0,8.0
0.01,5.0,0.01,100000.0,2.5,456.0,1.0,0.0,1.0,1.0,1.0,1.0,1.0,1.0,1.0
0.025,12.5,0.01,100000.0,2.5,456.0,3.0,0.0,3.0,3.0,3.0,3.0,3.0,3.0,3.0
0.05,25.0,0.01,100000.0,2.5,456.0,4.75,0.4442616583193193,4.0,4.0,4.75,5.0,5.0,5.0,5.0
0.075,37.5,0.01,100000.0,2.5,456.0,5.4,0.5026246899500345,5.0,5.0,5.0,5.0,6.0,6.0,6.0
0.1,50.0,0.01,100000.0,2.5,456.0,6.25,0.4442616583193197,6.0,6.0,6.0,6.0,6.25,7.000000000000001,7.000000000000001
0.01,5.0,0.01,10000.0,5.0,456.0,1.0,0.0,1.0,1.0,1.0,1.0,1.0,1.0,1.0
0.025,12.5,0.01,10000.0,5.0,456.0,3.0,0.0,3.0,3.0,3.0,3.0,3.0,3.0,3.0
0.05,25.0,0.01,10000.0,5.0,456.0,3.6,0.5026246899500347,3.0,3.0,3.0,4.0,4.0,4.0,4.0
0.075,37.5,0.01,10000.0,5.0,456.0,5.1,0.5525062514530824,4.0,4.0,5.0,5.0,5.0,6.0,6.0
0.1,50.0,0.01,10000.0,5.0,456.0,4.6,0.5026246899500345,4.0,4.0,4.0,5.0,5.0,5.0,5.0
0.01,5.0,0.01,25000.0,5.0,456.0,1.35,0.48936048492959294,1.0,1.0,1.0,1.0,2.0,2.0,2.0
0.025,12.5,0.01,25000.0,5.0,456.0,3.0,0.0,3.0,3.0,3.0,3.0,3.0,3.0,3.0
0.05,25.0,0.01,25000.0,5.0,456.0,3.85,0.36634754853252327,3.0,3.0,4.0,4.0,4.0,4.0,4.0
0.075,37.5,0.01,25000.0,5.0,456.0,4.25,0.4442616583193193,4.0,4.0,4.0,4.0,4.25,5.0,5.0
0.1,50.0,0.01,25000.0,5.0,456.0,6.15,0.3663475485325235,6.0,6.0,6.0,6.0,6.0,7.000000000000001,7.000000000000001
0.01,5.0,0.01,50000.0,5.0,456.0,2.0,0.0,2.0,2.0,2.0,2.0,2.0,2.0,2.0
0.025,12.5,0.01,50000.0,5.0,456.0,3.0,0.0,3.0,3.0,3.0,3.0,3.0,3.0,3.0
0.05,25.0,0.01,50000.0,5.0,456.0,4.0,0.0,4.0,4.0,4.0,4.0,4.0,4.0,4.0
0.075,37.5,0.01,50000.0,5.0,456.0,4.9,0.3077935056255463,4.0,4.0,5.0,5.0,5.0,5.0,5.0
0.1,50.0,0.01,50000.0,5.0,456.0,6.0,0.0,6.0,6.0,6.0,6.0,6.0,6.0,6.0
0.01,5.0,0.01,75000.0,5.0,456.0,1.9,0.3077935056255462,1.0,1.0,2.0,2.0,2.0,2.0,2.0
0.025,12.5,0.01,75000.0,5.0,456.0,3.0,0.0,3.0,3.0,3.0,3.0,3.0,3.0,3.0
0.05,25.0,0.01,75000.0,5.0,456.0,4.1,0.3077935056255463,4.0,4.0,4.0,4.0,4.0,5.0,5.0
0.075,37.5,0.01,75000.0,5.0,456.0,5.0,0.0,5.0,5.0,5.0,5.0,5.0,5.0,5.0
0.1,50.0,0.01,75000.0,5.0,456.0,6.0,0.0,6.0,6.0,6.0,6.0,6.0,6.0,6.0
0.01,5.0,0.01,100000.0,5.0,456.0,1.0,0.0,1.0,1.0,1.0,1.0,1.0,1.0,1.0
0.025,12.5,0.01,100000.0,5.0,456.0,3.0,0.0,3.0,3.0,3.0,3.0,3.0,3.0,3.0
0.05,25.0,0.01,100000.0,5.0,456.0,4.0,0.0,4.0,4.0,4.0,4.0,4.0,4.0,4.0
0.075,37.5,0.01,100000.0,5.0,456.0,5.0,0.0,5.0,5.0,5.0,5.0,5.0,5.0,5.0
0.1,50.0,0.01,100000.0,5.0,456.0,5.9,0.3077935056255462,5.0,5.0,6.0,6.0,6.0,6.0,6.0
0.01,5.0,0.01,10000.0,10.0,456.0,1.05,0.22360679774997907,1.0,1.0,1.0,1.0,1.0,1.0500000000000007,2.0
0.025,12.5,0.01,10000.0,10.0,456.0,2.9,0.3077935056255462,2.0,2.0,3.0,3.0,3.0,3.0,3.0
0.05,25.0,0.01,10000.0,10.0,456.0,3.4,0.5026246899500347,3.0,3.0,3.0,3.0,4.0,4.0,4.0
0.075,37.5,0.01,10000.0,10.0,456.0,3.45,0.5104177855340405,3.0,3.0,3.0,3.0,4.0,4.0,4.0
0.1,50.0,0.01,10000.0,10.0,456.0,4.5,0.512989176042577,4.0,4.0,4.0,4.5,5.0,5.0,5.0
0.01,5.0,0.01,25000.0,10.0,456.0,1.85,0.36634754853252327,1.0,1.0,2.0,2.0,2.0,2.0,2.0
0.025,12.5,0.01,25000.0,10.0,456.0,3.0,0.0,3.0,3.0,3.0,3.0,3.0,3.0,3.0
0.05,25.0,0.01,25000.0,10.0,456.0,3.6,0.5026246899500347,3.0,3.0,3.0,4.0,4.0,4.0,4.0
0.075,37.5,0.01,25000.0,10.0,456.0,4.05,0.2236067977499789,4.0,4.0,4.0,4.0,4.0,4.050000000000001,5.0
0.1,50.0,0.01,25000.0,10.0,456.0,4.35,0.4893604849295929,4.0,4.0,4.0,4.0,5.0,5.0,5.0
0.01,5.0,0.01,50000.0,10.0,456.0,2.0,0.0,2.0,2.0,2.0,2.0,2.0,2.0,2.0
0.025,12.5,0.01,50000.0,10.0,456.0,3.0,0.0,3.0,3.0,3.0,3.0,3.0,3.0,3.0
0.05,25.0,0.01,50000.0,10.0,456.0,3.7,0.47016234598162726,3.0,3.0,3.0,4.0,4.0,4.0,4.0
0.075,37.5,0.01,50000.0,10.0,456.0,4.05,0.22360679774997894,4.0,4.0,4.0,4.0,4.0,4.050000000000001,5.0
0.1,50.0,0.01,50000.0,10.0,456.0,5.0,0.0,5.0,5.0,5.0,5.0,5.0,5.0,5.0
0.01,5.0,0.01,75000.0,10.0,456.0,2.0,0.0,2.0,2.0,2.0,2.0,2.0,2.0,2.0
0.025,12.5,0.01,75000.0,10.0,456.0,3.0,0.0,3.0,3.0,3.0,3.0,3.0,3.0,3.0
0.05,25.0,0.01,75000.0,10.0,456.0,4.0,0.0,4.0,4.0,4.0,4.0,4.0,4.0,4.0
0.075,37.5,0.01,75000.0,10.0,456.0,4.75,0.4442616583193193,4.0,4.0,4.75,5.0,5.0,5.0,5.0
0.1,50.0,0.01,75000.0,10.0,456.0,5.0,0.0,5.0,5.0,5.0,5.0,5.0,5.0,5.0
0.01,5.0,0.01,100000.0,10.0,456.0,1.3,0.47016234598162715,1.0,1.0,1.0,1.0,2.0,2.0,2.0
0.025,12.5,0.01,100000.0,10.0,456.0,3.0,0.0,3.0,3.0,3.0,3.0,3.0,3.0,3.0
0.05,25.0,0.01,100000.0,10.0,456.0,3.95,0.2236067977499789,3.0,3.95,4.0,4.0,4.0,4.0,4.0
0.075,37.5,0.01,100000.0,10.0,456.0,4.6,0.5026246899500345,4.0,4.0,4.0,5.0,5.0,5.0,5.0
0.1,50.0,0.01,100000.0,10.0,456.0,5.0,0.0,5.0,5.0,5.0,5.0,5.0,5.0,5.0
0.01,5.0,0.01,10000.0,0.5,789.0,0.0,0.0,0.0,0.0,0.0,0.0,0.0,0.0,0.0
0.025,12.5,0.01,10000.0,0.5,789.0,12.2,6.262671365446133,4.0,4.95,7.75,10.5,15.5,21.400000000000006,28.999999999999996
0.05,25.0,0.01,10000.0,0.5,789.0,2.0,0.7254762501100116,1.0,1.0,1.75,2.0,2.25,3.0,3.0
0.075,37.5,0.01,10000.0,0.5,789.0,18.9,34.98405651902471,3.0,3.0,3.0,5.0,7.000000000000001,100.0,100.0
0.1,50.0,0.01,10000.0,0.5,789.0,51.0,0.0,51.0,51.0,51.0,51.0,51.0,51.0,51.0
0.01,5.0,0.01,25000.0,0.5,789.0,0.0,0.0,0.0,0.0,0.0,0.0,0.0,0.0,0.0
0.025,12.5,0.01,25000.0,0.5,789.0,6.0,0.0,6.0,6.0,6.0,6.0,6.0,6.0,6.0
0.05,25.0,0.01,25000.0,0.5,789.0,24.1,15.33794743695998,6.0,7.9,11.0,21.0,32.0,54.0,54.0
0.075,37.5,0.01,25000.0,0.5,789.0,6.15,3.4377930497095925,3.0,3.0,3.0,5.5,8.0,11.300000000000004,17.0
0.1,50.0,0.01,25000.0,0.5,789.0,,,,,,,,,
0.01,5.0,0.01,50000.0,0.5,789.0,0.0,0.0,0.0,0.0,0.0,0.0,0.0,0.0,0.0
0.025,12.5,0.01,50000.0,0.5,789.0,0.2,0.41039134083406165,0.0,0.0,0.0,0.0,0.0,1.0,1.0
0.05,25.0,0.01,50000.0,0.5,789.0,,,,,,,,,
0.075,37.5,0.01,50000.0,0.5,789.0,53.05,39.58664713737383,2.0,2.95,18.0,36.0,100.0,100.0,100.0
0.1,50.0,0.01,50000.0,0.5,789.0,2.85,3.099660422827331,0.0,0.0,0.0,3.0,4.0,8.0,8.0
0.01,5.0,0.01,75000.0,0.5,789.0,0.0,0.0,0.0,0.0,0.0,0.0,0.0,0.0,0.0
0.025,12.5,0.01,75000.0,0.5,789.0,0.0,0.0,0.0,0.0,0.0,0.0,0.0,0.0,0.0
0.05,25.0,0.01,75000.0,0.5,789.0,0.9,3.3857285618810087,0.0,0.0,0.0,0.0,0.0,3.6000000000000085,15.0
0.075,37.5,0.01,75000.0,0.5,789.0,39.45,35.965590280301626,0.0,0.0,1.0,30.0,58.00000000000001,100.0,100.0
0.1,50.0,0.01,75000.0,0.5,789.0,16.0,7.26925754552402,6.0,6.0,11.0,16.5,19.0,28.250000000000007,33.0
0.01,5.0,0.01,100000.0,0.5,789.0,0.05,0.22360679774997885,0.0,0.0,0.0,0.0,0.0,0.05000000000000071,1.0
0.025,12.5,0.01,100000.0,0.5,789.0,0.05,0.22360679774997894,0.0,0.0,0.0,0.0,0.0,0.05000000000000071,1.0
0.05,25.0,0.01,100000.0,0.5,789.0,12.05,9.870077054037196,1.0,1.0,4.0,12.0,15.0,25.050000000000015,45.0
0.075,37.5,0.01,100000.0,0.5,789.0,11.2,5.708719093125054,0.0,0.9500000000000001,8.75,10.0,14.250000000000002,20.05,21.0
0.1,50.0,0.01,100000.0,0.5,789.0,4.95,4.7292482990094955,0.0,0.0,0.0,5.5,8.25,9.350000000000005,16.0
0.01,5.0,0.01,10000.0,1.0,789.0,0.25,0.4442616583193193,0.0,0.0,0.0,0.0,0.25,1.0,1.0
0.025,12.5,0.01,10000.0,1.0,789.0,1.3,0.8013147091860318,0.0,0.0,1.0,1.0,2.0,3.0,3.0
0.05,25.0,0.01,10000.0,1.0,789.0,1.95,0.9445132413883324,1.0,1.0,1.0,2.0,2.0,3.1000000000000014,5.0
0.075,37.5,0.01,10000.0,1.0,789.0,2.55,1.2763022245616642,1.0,1.0,1.75,2.0,4.0,4.050000000000001,5.0
0.1,50.0,0.01,10000.0,1.0,789.0,10.0,3.8388594797495723,5.0,5.95,6.0,10.0,12.0,16.1,18.0
0.01,5.0,0.01,25000.0,1.0,789.0,0.0,0.0,0.0,0.0,0.0,0.0,0.0,0.0,0.0
0.025,12.5,0.01,25000.0,1.0,789.0,1.0,0.0,1.0,1.0,1.0,1.0,1.0,1.0,1.0
0.05,25.0,0.01,25000.0,1.0,789.0,3.9,0.7880689256524124,3.0,3.0,3.0,4.0,4.25,5.0,5.0
0.075,37.5,0.01,25000.0,1.0,789.0,3.55,1.0500626547722611,2.0,2.0,3.0,4.0,4.0,5.0,5.0
0.1,50.0,0.01,25000.0,1.0,789.0,5.15,0.8127277008872492,4.0,4.0,4.75,5.0,6.0,6.0,6.0
0.01,5.0,0.01,50000.0,1.0,789.0,0.0,0.0,0.0,0.0,0.0,0.0,0.0,0.0,0.0
0.025,12.5,0.01,50000.0,1.0,789.0,1.6,0.5026246899500347,1.0,1.0,1.0,2.0,2.0,2.0,2.0
0.05,25.0,0.01,50000.0,1.0,789.0,3.35,0.48936048492959283,3.0,3.0,3.0,3.0,4.0,4.0,4.0
0.075,37.5,0.01,50000.0,1.0,789.0,4.95,0.8255779474818964,4.0,4.0,4.0,5.0,6.0,6.0,6.0
0.1,50.0,0.01,50000.0,1.0,789.0,7.65,1.089422831256605,6.0,6.0,7.000000000000001,7.000000000000001,8.25,9.05,10.0
0.01,5.0,0.01,75000.0,1.0,789.0,0.45,0.5104177855340405,0.0,0.0,0.0,0.0,1.0,1.0,1.0
0.025,12.5,0.01,75000.0,1.0,789.0,1.0,0.0,1.0,1.0,1.0,1.0,1.0,1.0,1.0
0.05,25.0,0.01,75000.0,1.0,789.0,3.5,0.6882472016116853,2.0,2.95,3.0,3.5,4.0,4.050000000000001,5.0
0.075,37.5,0.01,75000.0,1.0,789.0,5.2,0.6155870112510924,4.0,4.0,5.0,5.0,6.0,6.0,6.0
0.1,50.0,0.01,75000.0,1.0,789.0,5.2,0.9514531821875093,4.0,4.0,5.0,5.0,5.25,7.000000000000001,7.000000000000001
0.01,5.0,0.01,100000.0,1.0,789.0,0.7,0.4701623459816272,0.0,0.0,0.0,1.0,1.0,1.0,1.0
0.025,12.5,0.01,100000.0,1.0,789.0,1.4,0.5026246899500346,1.0,1.0,1.0,1.0,2.0,2.0,2.0
0.05,25.0,0.01,100000.0,1.0,789.0,2.3,0.7326950970650465,1.0,1.0,2.0,2.0,3.0,3.0500000000000007,4.0
0.075,37.5,0.01,100000.0,1.0,789.0,4.6,0.6805570473787205,3.0,3.95,4.0,5.0,5.0,5.050000000000001,6.0
0.1,50.0,0.01,100000.0,1.0,789.0,5.15,0.5871429486123998,4.0,4.0,5.0,5.0,5.25,6.0,6.0
0.01,5.0,0.01,10000.0,2.5,789.0,1.05,0.22360679774997902,1.0,1.0,1.0,1.0,1.0,1.0500000000000007,2.0
0.025,12.5,0.01,10000.0,2.5,789.0,3.0,0.45883146774112354,2.0,2.0,3.0,3.0,3.0,4.0,4.0
0.05,25.0,0.01,10000.0,2.5,789.0,3.95,0.39403446282620613,3.0,3.0,4.0,4.0,4.0,4.050000000000001,5.0
0.075,37.5,0.01,10000.0,2.5,789.0,3.25,0.6386663736585051,2.0,2.0,3.0,3.0,4.0,4.0,4.0
0.1,50.0,0.01,10000.0,2.5,789.0,6.05,0.6048053188292997,5.0,5.0,6.0,6.0,6.0,7.000000000000001,7.000000000000001
0.01,5.0,0.01,25000.0,2.5,789.0,1.0,0.0,1.0,1.0,1.0,1.0,1.0,1.0,1.0
0.025,12.5,0.01,25000.0,2.5,789.0,2.95,0.22360679774997894,2.0,2.95,3.0,3.0,3.0,3.0,3.0
0.05,25.0,0.01,25000.0,2.5,789.0,3.45,0.5104177855340405,3.0,3.0,3.0,3.0,4.0,4.0,4.0
0.075,37.5,0.01,25000.0,2.5,789.0,5.05,0.22360679774997894,5.0,5.0,5.0,5.0,5.0,5.050000000000001,6.0
0.1,50.0,0.01,25000.0,2.5,789.0,7.4,0.5982430416161183,7.000000000000001,7.000000000000001,7.000000000000001,7.000000000000001,8.0,8.05,9.0
0.01,5.0,0.01,50000.0,2.5,789.0,1.0,0.0,1.0,1.0,1.0,1.0,1.0,1.0,1.0
0.025,12.5,0.01,50000.0,2.5,789.0,2.95,0.22360679774997896,2.0,2.95,3.0,3.0,3.0,3.0,3.0
0.05,25.0,0.01,50000.0,2.5,789.0,4.0,0.0,4.0,4.0,4.0,4.0,4.0,4.0,4.0
0.075,37.5,0.01,50000.0,2.5,789.0,4.7,0.47016234598162726,4.0,4.0,4.0,5.0,5.0,5.0,5.0
0.1,50.0,0.01,50000.0,2.5,789.0,6.75,0.4442616583193197,6.0,6.0,6.750000000000001,7.000000000000001,7.000000000000001,7.000000000000001,7.000000000000001
0.01,5.0,0.01,75000.0,2.5,789.0,1.0,0.0,1.0,1.0,1.0,1.0,1.0,1.0,1.0
0.025,12.5,0.01,75000.0,2.5,789.0,3.0,0.0,3.0,3.0,3.0,3.0,3.0,3.0,3.0
0.05,25.0,0.01,75000.0,2.5,789.0,4.05,0.2236067977499789,4.0,4.0,4.0,4.0,4.0,4.050000000000001,5.0
0.075,37.5,0.01,75000.0,2.5,789.0,4.95,0.22360679774997888,4.0,4.95,5.0,5.0,5.0,5.0,5.0
0.1,50.0,0.01,75000.0,2.5,789.0,6.25,0.4442616583193197,6.0,6.0,6.0,6.0,6.25,7.000000000000001,7.000000000000001
0.01,5.0,0.01,100000.0,2.5,789.0,1.0,0.0,1.0,1.0,1.0,1.0,1.0,1.0,1.0
0.025,12.5,0.01,100000.0,2.5,789.0,2.45,0.5104177855340405,2.0,2.0,2.0,2.0,3.0,3.0,3.0
0.05,25.0,0.01,100000.0,2.5,789.0,4.0,0.0,4.0,4.0,4.0,4.0,4.0,4.0,4.0
0.075,37.5,0.01,100000.0,2.5,789.0,4.7,0.47016234598162726,4.0,4.0,4.0,5.0,5.0,5.0,5.0
0.1,50.0,0.01,100000.0,2.5,789.0,6.0,0.0,6.0,6.0,6.0,6.0,6.0,6.0,6.0
0.01,5.0,0.01,10000.0,5.0,789.0,1.65,0.48936048492959294,1.0,1.0,1.0,2.0,2.0,2.0,2.0
0.025,12.5,0.01,10000.0,5.0,789.0,3.0,0.0,3.0,3.0,3.0,3.0,3.0,3.0,3.0
0.05,25.0,0.01,10000.0,5.0,789.0,3.1,0.3077935056255462,3.0,3.0,3.0,3.0,3.0,4.0,4.0
0.075,37.5,0.01,10000.0,5.0,789.0,4.0,0.0,4.0,4.0,4.0,4.0,4.0,4.0,4.0
0.1,50.0,0.01,10000.0,5.0,789.0,6.800000000000002,0.410391340834062,6.0,6.0,7.000000000000001,7.000000000000001,7.000000000000001,7.000000000000001,7.000000000000001
0.01,5.0,0.01,25000.0,5.0,789.0,1.1,0.3077935056255462,1.0,1.0,1.0,1.0,1.0,2.0,2.0
0.025,12.5,0.01,25000.0,5.0,789.0,3.05,0.22360679774997894,3.0,3.0,3.0,3.0,3.0,3.0500000000000007,4.0
0.05,25.0,0.01,25000.0,5.0,789.0,4.0,0.0,4.0,4.0,4.0,4.0,4.0,4.0,4.0
0.075,37.5,0.01,25000.0,5.0,789.0,4.85,0.36634754853252327,4.0,4.0,5.0,5.0,5.0,5.0,5.0
0.1,50.0,0.01,25000.0,5.0,789.0,7.15,0.3663475485325229,7.000000000000001,7.000000000000001,7.000000000000001,7.000000000000001,7.000000000000001,8.0,8.0
0.01,5.0,0.01,50000.0,5.0,789.0,1.4,0.5026246899500346,1.0,1.0,1.0,1.0,2.0,2.0,2.0
0.025,12.5,0.01,50000.0,5.0,789.0,3.0,0.0,3.0,3.0,3.0,3.0,3.0,3.0,3.0
0.05,25.0,0.01,50000.0,5.0,789.0,4.0,0.0,4.0,4.0,4.0,4.0,4.0,4.0,4.0
0.075,37.5,0.01,50000.0,5.0,789.0,5.0,0.0,5.0,5.0,5.0,5.0,5.0,5.0,5.0
0.1,50.0,0.01,50000.0,5.0,789.0,5.7,0.47016234598162726,5.0,5.0,5.0,6.0,6.0,6.0,6.0
0.01,5.0,0.01,75000.0,5.0,789.0,1.55,0.5104177855340405,1.0,1.0,1.0,2.0,2.0,2.0,2.0
0.025,12.5,0.01,75000.0,5.0,789.0,3.0,0.0,3.0,3.0,3.0,3.0,3.0,3.0,3.0
0.05,25.0,0.01,75000.0,5.0,789.0,4.0,0.0,4.0,4.0,4.0,4.0,4.0,4.0,4.0
0.075,37.5,0.01,75000.0,5.0,789.0,5.0,0.0,5.0,5.0,5.0,5.0,5.0,5.0,5.0
0.1,50.0,0.01,75000.0,5.0,789.0,5.7,0.47016234598162726,5.0,5.0,5.0,6.0,6.0,6.0,6.0
0.01,5.0,0.01,100000.0,5.0,789.0,1.35,0.48936048492959294,1.0,1.0,1.0,1.0,2.0,2.0,2.0
0.025,12.5,0.01,100000.0,5.0,789.0,3.0,0.0,3.0,3.0,3.0,3.0,3.0,3.0,3.0
0.05,25.0,0.01,100000.0,5.0,789.0,4.05,0.22360679774997888,4.0,4.0,4.0,4.0,4.0,4.050000000000001,5.0
0.075,37.5,0.01,100000.0,5.0,789.0,5.0,0.0,5.0,5.0,5.0,5.0,5.0,5.0,5.0
0.1,50.0,0.01,100000.0,5.0,789.0,5.05,0.22360679774997894,5.0,5.0,5.0,5.0,5.0,5.050000000000001,6.0
0.01,5.0,0.01,10000.0,10.0,789.0,1.95,0.2236067977499791,1.0,1.9500000000000002,2.0,2.0,2.0,2.0,2.0
0.025,12.5,0.01,10000.0,10.0,789.0,2.65,0.48936048492959294,2.0,2.0,2.0,3.0,3.0,3.0,3.0
0.05,25.0,0.01,10000.0,10.0,789.0,3.0,0.0,3.0,3.0,3.0,3.0,3.0,3.0,3.0
0.075,37.5,0.01,10000.0,10.0,789.0,3.15,0.36634754853252327,3.0,3.0,3.0,3.0,3.0,4.0,4.0
0.1,50.0,0.01,10000.0,10.0,789.0,5.15,0.36634754853252327,5.0,5.0,5.0,5.0,5.0,6.0,6.0
0.01,5.0,0.01,25000.0,10.0,789.0,2.0,0.0,2.0,2.0,2.0,2.0,2.0,2.0,2.0
0.025,12.5,0.01,25000.0,10.0,789.0,2.9,0.3077935056255462,2.0,2.0,3.0,3.0,3.0,3.0,3.0
0.05,25.0,0.01,25000.0,10.0,789.0,3.95,0.2236067977499789,3.0,3.95,4.0,4.0,4.0,4.0,4.0
0.075,37.5,0.01,25000.0,10.0,789.0,4.15,0.3663475485325232,4.0,4.0,4.0,4.0,4.0,5.0,5.0
0.1,50.0,0.01,25000.0,10.0,789.0,5.85,0.36634754853252327,5.0,5.0,6.0,6.0,6.0,6.0,6.0
0.01,5.0,0.01,50000.0,10.0,789.0,1.85,0.36634754853252327,1.0,1.0,2.0,2.0,2.0,2.0,2.0
0.025,12.5,0.01,50000.0,10.0,789.0,3.0,0.0,3.0,3.0,3.0,3.0,3.0,3.0,3.0
0.05,25.0,0.01,50000.0,10.0,789.0,4.0,0.0,4.0,4.0,4.0,4.0,4.0,4.0,4.0
0.075,37.5,0.01,50000.0,10.0,789.0,4.15,0.36634754853252327,4.0,4.0,4.0,4.0,4.0,5.0,5.0
0.1,50.0,0.01,50000.0,10.0,789.0,4.9,0.3077935056255463,4.0,4.0,5.0,5.0,5.0,5.0,5.0
0.01,5.0,0.01,75000.0,10.0,789.0,1.9,0.3077935056255462,1.0,1.0,2.0,2.0,2.0,2.0,2.0
0.025,12.5,0.01,75000.0,10.0,789.0,3.0,0.0,3.0,3.0,3.0,3.0,3.0,3.0,3.0
0.05,25.0,0.01,75000.0,10.0,789.0,4.0,0.0,4.0,4.0,4.0,4.0,4.0,4.0,4.0
0.075,37.5,0.01,75000.0,10.0,789.0,4.1,0.30779350562554636,4.0,4.0,4.0,4.0,4.0,5.0,5.0
0.1,50.0,0.01,75000.0,10.0,789.0,5.0,0.0,5.0,5.0,5.0,5.0,5.0,5.0,5.0
0.01,5.0,0.01,100000.0,10.0,789.0,1.75,0.4442616583193193,1.0,1.0,1.75,2.0,2.0,2.0,2.0
0.025,12.5,0.01,100000.0,10.0,789.0,3.0,0.0,3.0,3.0,3.0,3.0,3.0,3.0,3.0
0.05,25.0,0.01,100000.0,10.0,789.0,4.0,0.0,4.0,4.0,4.0,4.0,4.0,4.0,4.0
0.075,37.5,0.01,100000.0,10.0,789.0,4.0,0.0,4.0,4.0,4.0,4.0,4.0,4.0,4.0
0.1,50.0,0.01,100000.0,10.0,789.0,4.85,0.36634754853252327,4.0,4.0,5.0,5.0,5.0,5.0,5.0
