,rho_sim,theta_sim,genome_size_sim,depth_sim,seed_sim,mean,std,min,5%,25%,50%,75%,95%,max
0,0.1,0.01,100000.0,0.5,123.0,8.75,2.2448772091610105,6.0,6.0,6.0,9.0,11.0,11.05,12.0
1,0.5,0.01,100000.0,0.5,123.0,0.0,0.0,0.0,0.0,0.0,0.0,0.0,0.0,0.0
2,2.5,0.01,100000.0,0.5,123.0,0.0,0.0,0.0,0.0,0.0,0.0,0.0,0.0,0.0
3,25.0,0.01,100000.0,0.5,123.0,2.9,2.4473401243412254,0.0,0.0,0.0,4.5,5.0,5.0,5.0
4,50.0,0.01,100000.0,0.5,123.0,0.3,0.9233805168766387,0.0,0.0,0.0,0.0,0.0,3.0,3.0
5,0.1,0.01,250000.0,0.5,123.0,3.95,4.616617581599851,0.0,0.0,0.0,4.5,5.0,13.200000000000003,17.0
6,0.5,0.01,250000.0,0.5,123.0,0.0,0.0,0.0,0.0,0.0,0.0,0.0,0.0,0.0
7,2.5,0.01,250000.0,0.5,123.0,0.0,0.0,0.0,0.0,0.0,0.0,0.0,0.0,0.0
8,25.0,0.01,250000.0,0.5,123.0,0.0,0.0,0.0,0.0,0.0,0.0,0.0,0.0,0.0
9,50.0,0.01,250000.0,0.5,123.0,0.0,0.0,0.0,0.0,0.0,0.0,0.0,0.0,0.0
10,0.1,0.01,500000.0,0.5,123.0,0.0,0.0,0.0,0.0,0.0,0.0,0.0,0.0,0.0
11,0.5,0.01,500000.0,0.5,123.0,0.0,0.0,0.0,0.0,0.0,0.0,0.0,0.0,0.0
12,2.5,0.01,500000.0,0.5,123.0,0.0,0.0,0.0,0.0,0.0,0.0,0.0,0.0,0.0
13,25.0,0.01,500000.0,0.5,123.0,0.0,0.0,0.0,0.0,0.0,0.0,0.0,0.0,0.0
14,50.0,0.01,500000.0,0.5,123.0,0.0,0.0,0.0,0.0,0.0,0.0,0.0,0.0,0.0
15,0.1,0.01,750000.0,0.5,123.0,2.95,7.265455395586924,0.0,0.0,0.0,0.0,3.75,7.3000000000000185,32.0
16,0.5,0.01,750000.0,0.5,123.0,0.0,0.0,0.0,0.0,0.0,0.0,0.0,0.0,0.0
17,2.5,0.01,750000.0,0.5,123.0,0.0,0.0,0.0,0.0,0.0,0.0,0.0,0.0,0.0
18,25.0,0.01,750000.0,0.5,123.0,0.0,0.0,0.0,0.0,0.0,0.0,0.0,0.0,0.0
19,50.0,0.01,750000.0,0.5,123.0,0.0,0.0,0.0,0.0,0.0,0.0,0.0,0.0,0.0
20,0.1,0.01,1000000.0,0.5,123.0,2.65,1.814415956487898,0.0,0.0,1.5,3.0,4.0,5.050000000000001,6.0
21,0.5,0.01,1000000.0,0.5,123.0,0.0,0.0,0.0,0.0,0.0,0.0,0.0,0.0,0.0
22,2.5,0.01,1000000.0,0.5,123.0,0.0,0.0,0.0,0.0,0.0,0.0,0.0,0.0,0.0
23,25.0,0.01,1000000.0,0.5,123.0,0.0,0.0,0.0,0.0,0.0,0.0,0.0,0.0,0.0
24,50.0,0.01,1000000.0,0.5,123.0,0.0,0.0,0.0,0.0,0.0,0.0,0.0,0.0,0.0
25,0.1,0.01,100000.0,1.0,123.0,0.0,0.0,0.0,0.0,0.0,0.0,0.0,0.0,0.0
26,0.5,0.01,100000.0,1.0,123.0,0.0,0.0,0.0,0.0,0.0,0.0,0.0,0.0,0.0
27,2.5,0.01,100000.0,1.0,123.0,0.0,0.0,0.0,0.0,0.0,0.0,0.0,0.0,0.0
28,25.0,0.01,100000.0,1.0,123.0,0.0,0.0,0.0,0.0,0.0,0.0,0.0,0.0,0.0
29,50.0,0.01,100000.0,1.0,123.0,0.0,0.0,0.0,0.0,0.0,0.0,0.0,0.0,0.0
30,0.1,0.01,250000.0,1.0,123.0,0.05,0.22360679774997885,0.0,0.0,0.0,0.0,0.0,0.05000000000000071,1.0
31,0.5,0.01,250000.0,1.0,123.0,0.0,0.0,0.0,0.0,0.0,0.0,0.0,0.0,0.0
32,2.5,0.01,250000.0,1.0,123.0,0.0,0.0,0.0,0.0,0.0,0.0,0.0,0.0,0.0
33,25.0,0.01,250000.0,1.0,123.0,0.0,0.0,0.0,0.0,0.0,0.0,0.0,0.0,0.0
34,50.0,0.01,250000.0,1.0,123.0,0.0,0.0,0.0,0.0,0.0,0.0,0.0,0.0,0.0
35,0.1,0.01,500000.0,1.0,123.0,0.0,0.0,0.0,0.0,0.0,0.0,0.0,0.0,0.0
36,0.5,0.01,500000.0,1.0,123.0,0.0,0.0,0.0,0.0,0.0,0.0,0.0,0.0,0.0
37,2.5,0.01,500000.0,1.0,123.0,0.0,0.0,0.0,0.0,0.0,0.0,0.0,0.0,0.0
38,25.0,0.01,500000.0,1.0,123.0,0.0,0.0,0.0,0.0,0.0,0.0,0.0,0.0,0.0
39,50.0,0.01,500000.0,1.0,123.0,0.0,0.0,0.0,0.0,0.0,0.0,0.0,0.0,0.0
40,0.1,0.01,750000.0,1.0,123.0,0.0,0.0,0.0,0.0,0.0,0.0,0.0,0.0,0.0
41,0.5,0.01,750000.0,1.0,123.0,0.0,0.0,0.0,0.0,0.0,0.0,0.0,0.0,0.0
42,2.5,0.01,750000.0,1.0,123.0,0.0,0.0,0.0,0.0,0.0,0.0,0.0,0.0,0.0
43,25.0,0.01,750000.0,1.0,123.0,0.0,0.0,0.0,0.0,0.0,0.0,0.0,0.0,0.0
44,50.0,0.01,750000.0,1.0,123.0,0.0,0.0,0.0,0.0,0.0,0.0,0.0,0.0,0.0
45,0.1,0.01,1000000.0,1.0,123.0,0.0,0.0,0.0,0.0,0.0,0.0,0.0,0.0,0.0
46,0.5,0.01,1000000.0,1.0,123.0,0.0,0.0,0.0,0.0,0.0,0.0,0.0,0.0,0.0
47,2.5,0.01,1000000.0,1.0,123.0,0.0,0.0,0.0,0.0,0.0,0.0,0.0,0.0,0.0
48,25.0,0.01,1000000.0,1.0,123.0,0.0,0.0,0.0,0.0,0.0,0.0,0.0,0.0,0.0
49,50.0,0.01,1000000.0,1.0,123.0,0.0,0.0,0.0,0.0,0.0,0.0,0.0,0.0,0.0
50,0.1,0.01,100000.0,2.5,123.0,0.0,0.0,0.0,0.0,0.0,0.0,0.0,0.0,0.0
51,0.5,0.01,100000.0,2.5,123.0,0.0,0.0,0.0,0.0,0.0,0.0,0.0,0.0,0.0
52,2.5,0.01,100000.0,2.5,123.0,0.0,0.0,0.0,0.0,0.0,0.0,0.0,0.0,0.0
53,25.0,0.01,100000.0,2.5,123.0,0.0,0.0,0.0,0.0,0.0,0.0,0.0,0.0,0.0
54,50.0,0.01,100000.0,2.5,123.0,0.0,0.0,0.0,0.0,0.0,0.0,0.0,0.0,0.0
55,0.1,0.01,250000.0,2.5,123.0,0.0,0.0,0.0,0.0,0.0,0.0,0.0,0.0,0.0
56,0.5,0.01,250000.0,2.5,123.0,0.0,0.0,0.0,0.0,0.0,0.0,0.0,0.0,0.0
57,2.5,0.01,250000.0,2.5,123.0,0.0,0.0,0.0,0.0,0.0,0.0,0.0,0.0,0.0
58,25.0,0.01,250000.0,2.5,123.0,0.0,0.0,0.0,0.0,0.0,0.0,0.0,0.0,0.0
59,50.0,0.01,250000.0,2.5,123.0,0.0,0.0,0.0,0.0,0.0,0.0,0.0,0.0,0.0
60,0.1,0.01,500000.0,2.5,123.0,0.0,0.0,0.0,0.0,0.0,0.0,0.0,0.0,0.0
61,0.5,0.01,500000.0,2.5,123.0,0.0,0.0,0.0,0.0,0.0,0.0,0.0,0.0,0.0
62,2.5,0.01,500000.0,2.5,123.0,0.0,0.0,0.0,0.0,0.0,0.0,0.0,0.0,0.0
63,25.0,0.01,500000.0,2.5,123.0,0.0,0.0,0.0,0.0,0.0,0.0,0.0,0.0,0.0
64,50.0,0.01,500000.0,2.5,123.0,0.0,0.0,0.0,0.0,0.0,0.0,0.0,0.0,0.0
65,0.1,0.01,750000.0,2.5,123.0,0.0,0.0,0.0,0.0,0.0,0.0,0.0,0.0,0.0
66,0.5,0.01,750000.0,2.5,123.0,0.0,0.0,0.0,0.0,0.0,0.0,0.0,0.0,0.0
67,2.5,0.01,750000.0,2.5,123.0,0.0,0.0,0.0,0.0,0.0,0.0,0.0,0.0,0.0
68,25.0,0.01,750000.0,2.5,123.0,0.0,0.0,0.0,0.0,0.0,0.0,0.0,0.0,0.0
69,50.0,0.01,750000.0,2.5,123.0,0.0,0.0,0.0,0.0,0.0,0.0,0.0,0.0,0.0
70,0.1,0.01,1000000.0,2.5,123.0,0.0,0.0,0.0,0.0,0.0,0.0,0.0,0.0,0.0
71,0.5,0.01,1000000.0,2.5,123.0,0.0,0.0,0.0,0.0,0.0,0.0,0.0,0.0,0.0
72,2.5,0.01,1000000.0,2.5,123.0,0.0,0.0,0.0,0.0,0.0,0.0,0.0,0.0,0.0
73,25.0,0.01,1000000.0,2.5,123.0,0.0,0.0,0.0,0.0,0.0,0.0,0.0,0.0,0.0
74,50.0,0.01,1000000.0,2.5,123.0,0.0,0.0,0.0,0.0,0.0,0.0,0.0,0.0,0.0
75,0.1,0.01,100000.0,5.0,123.0,0.0,0.0,0.0,0.0,0.0,0.0,0.0,0.0,0.0
76,0.5,0.01,100000.0,5.0,123.0,0.0,0.0,0.0,0.0,0.0,0.0,0.0,0.0,0.0
77,2.5,0.01,100000.0,5.0,123.0,0.0,0.0,0.0,0.0,0.0,0.0,0.0,0.0,0.0
78,25.0,0.01,100000.0,5.0,123.0,0.0,0.0,0.0,0.0,0.0,0.0,0.0,0.0,0.0
79,50.0,0.01,100000.0,5.0,123.0,0.9,0.30779350562554625,0.0,0.0,1.0,1.0,1.0,1.0,1.0
80,0.1,0.01,250000.0,5.0,123.0,0.0,0.0,0.0,0.0,0.0,0.0,0.0,0.0,0.0
81,0.5,0.01,250000.0,5.0,123.0,0.0,0.0,0.0,0.0,0.0,0.0,0.0,0.0,0.0
82,2.5,0.01,250000.0,5.0,123.0,0.0,0.0,0.0,0.0,0.0,0.0,0.0,0.0,0.0
83,25.0,0.01,250000.0,5.0,123.0,0.0,0.0,0.0,0.0,0.0,0.0,0.0,0.0,0.0
84,50.0,0.01,250000.0,5.0,123.0,0.0,0.0,0.0,0.0,0.0,0.0,0.0,0.0,0.0
85,0.1,0.01,500000.0,5.0,123.0,0.0,0.0,0.0,0.0,0.0,0.0,0.0,0.0,0.0
86,0.5,0.01,500000.0,5.0,123.0,0.0,0.0,0.0,0.0,0.0,0.0,0.0,0.0,0.0
87,2.5,0.01,500000.0,5.0,123.0,0.0,0.0,0.0,0.0,0.0,0.0,0.0,0.0,0.0
88,25.0,0.01,500000.0,5.0,123.0,0.0,0.0,0.0,0.0,0.0,0.0,0.0,0.0,0.0
89,50.0,0.01,500000.0,5.0,123.0,0.0,0.0,0.0,0.0,0.0,0.0,0.0,0.0,0.0
90,0.1,0.01,750000.0,5.0,123.0,0.0,0.0,0.0,0.0,0.0,0.0,0.0,0.0,0.0
91,0.5,0.01,750000.0,5.0,123.0,0.0,0.0,0.0,0.0,0.0,0.0,0.0,0.0,0.0
92,2.5,0.01,750000.0,5.0,123.0,0.0,0.0,0.0,0.0,0.0,0.0,0.0,0.0,0.0
93,25.0,0.01,750000.0,5.0,123.0,0.0,0.0,0.0,0.0,0.0,0.0,0.0,0.0,0.0
94,50.0,0.01,750000.0,5.0,123.0,0.0,0.0,0.0,0.0,0.0,0.0,0.0,0.0,0.0
95,0.1,0.01,1000000.0,5.0,123.0,0.0,0.0,0.0,0.0,0.0,0.0,0.0,0.0,0.0
96,0.5,0.01,1000000.0,5.0,123.0,0.0,0.0,0.0,0.0,0.0,0.0,0.0,0.0,0.0
97,2.5,0.01,1000000.0,5.0,123.0,0.0,0.0,0.0,0.0,0.0,0.0,0.0,0.0,0.0
98,25.0,0.01,1000000.0,5.0,123.0,0.0,0.0,0.0,0.0,0.0,0.0,0.0,0.0,0.0
99,50.0,0.01,1000000.0,5.0,123.0,0.0,0.0,0.0,0.0,0.0,0.0,0.0,0.0,0.0
100,0.1,0.01,100000.0,10.0,123.0,0.0,0.0,0.0,0.0,0.0,0.0,0.0,0.0,0.0
101,0.5,0.01,100000.0,10.0,123.0,0.0,0.0,0.0,0.0,0.0,0.0,0.0,0.0,0.0
102,2.5,0.01,100000.0,10.0,123.0,0.0,0.0,0.0,0.0,0.0,0.0,0.0,0.0,0.0
103,25.0,0.01,100000.0,10.0,123.0,0.0,0.0,0.0,0.0,0.0,0.0,0.0,0.0,0.0
104,50.0,0.01,100000.0,10.0,123.0,1.0,0.0,1.0,1.0,1.0,1.0,1.0,1.0,1.0
105,0.1,0.01,250000.0,10.0,123.0,0.0,0.0,0.0,0.0,0.0,0.0,0.0,0.0,0.0
106,0.5,0.01,250000.0,10.0,123.0,0.0,0.0,0.0,0.0,0.0,0.0,0.0,0.0,0.0
107,2.5,0.01,250000.0,10.0,123.0,0.0,0.0,0.0,0.0,0.0,0.0,0.0,0.0,0.0
108,25.0,0.01,250000.0,10.0,123.0,0.0,0.0,0.0,0.0,0.0,0.0,0.0,0.0,0.0
109,50.0,0.01,250000.0,10.0,123.0,0.0,0.0,0.0,0.0,0.0,0.0,0.0,0.0,0.0
110,0.1,0.01,500000.0,10.0,123.0,0.0,0.0,0.0,0.0,0.0,0.0,0.0,0.0,0.0
111,0.5,0.01,500000.0,10.0,123.0,0.0,0.0,0.0,0.0,0.0,0.0,0.0,0.0,0.0
112,2.5,0.01,500000.0,10.0,123.0,0.0,0.0,0.0,0.0,0.0,0.0,0.0,0.0,0.0
113,25.0,0.01,500000.0,10.0,123.0,0.0,0.0,0.0,0.0,0.0,0.0,0.0,0.0,0.0
114,50.0,0.01,500000.0,10.0,123.0,0.0,0.0,0.0,0.0,0.0,0.0,0.0,0.0,0.0
115,0.1,0.01,750000.0,10.0,123.0,0.0,0.0,0.0,0.0,0.0,0.0,0.0,0.0,0.0
116,0.5,0.01,750000.0,10.0,123.0,0.0,0.0,0.0,0.0,0.0,0.0,0.0,0.0,0.0
117,2.5,0.01,750000.0,10.0,123.0,0.0,0.0,0.0,0.0,0.0,0.0,0.0,0.0,0.0
118,25.0,0.01,750000.0,10.0,123.0,0.0,0.0,0.0,0.0,0.0,0.0,0.0,0.0,0.0
119,50.0,0.01,750000.0,10.0,123.0,0.0,0.0,0.0,0.0,0.0,0.0,0.0,0.0,0.0
120,0.1,0.01,1000000.0,10.0,123.0,0.0,0.0,0.0,0.0,0.0,0.0,0.0,0.0,0.0
121,0.5,0.01,1000000.0,10.0,123.0,0.0,0.0,0.0,0.0,0.0,0.0,0.0,0.0,0.0
122,2.5,0.01,1000000.0,10.0,123.0,0.0,0.0,0.0,0.0,0.0,0.0,0.0,0.0,0.0
123,25.0,0.01,1000000.0,10.0,123.0,0.0,0.0,0.0,0.0,0.0,0.0,0.0,0.0,0.0
124,50.0,0.01,1000000.0,10.0,123.0,0.0,0.0,0.0,0.0,0.0,0.0,0.0,0.0,0.0
125,0.1,0.01,100000.0,0.5,456.0,14.0,30.59755752206031,0.0,0.0,0.0,0.0,17.0,100.0,100.0
126,0.5,0.01,100000.0,0.5,456.0,0.0,0.0,0.0,0.0,0.0,0.0,0.0,0.0,0.0
127,2.5,0.01,100000.0,0.5,456.0,0.1,0.4472135954999578,0.0,0.0,0.0,0.0,0.0,0.10000000000000142,2.0
128,25.0,0.01,100000.0,0.5,456.0,0.0,0.0,0.0,0.0,0.0,0.0,0.0,0.0,0.0
129,50.0,0.01,100000.0,0.5,456.0,0.0,0.0,0.0,0.0,0.0,0.0,0.0,0.0,0.0
130,0.1,0.01,250000.0,0.5,456.0,2.8,7.075532340024801,0.0,0.0,0.0,0.0,0.0,23.0,23.0
131,0.5,0.01,250000.0,0.5,456.0,0.0,0.0,0.0,0.0,0.0,0.0,0.0,0.0,0.0
132,2.5,0.01,250000.0,0.5,456.0,0.0,0.0,0.0,0.0,0.0,0.0,0.0,0.0,0.0
133,25.0,0.01,250000.0,0.5,456.0,0.0,0.0,0.0,0.0,0.0,0.0,0.0,0.0,0.0
134,50.0,0.01,250000.0,0.5,456.0,0.0,0.0,0.0,0.0,0.0,0.0,0.0,0.0,0.0
135,0.1,0.01,500000.0,0.5,456.0,0.0,0.0,0.0,0.0,0.0,0.0,0.0,0.0,0.0
136,0.5,0.01,500000.0,0.5,456.0,0.0,0.0,0.0,0.0,0.0,0.0,0.0,0.0,0.0
137,2.5,0.01,500000.0,0.5,456.0,0.15,0.6708203932499374,0.0,0.0,0.0,0.0,0.0,0.15000000000000213,3.0
138,25.0,0.01,500000.0,0.5,456.0,0.0,0.0,0.0,0.0,0.0,0.0,0.0,0.0,0.0
139,50.0,0.01,500000.0,0.5,456.0,0.0,0.0,0.0,0.0,0.0,0.0,0.0,0.0,0.0
140,0.1,0.01,750000.0,0.5,456.0,5.6,2.348571794449599,0.0,2.85,4.75,5.0,8.0,9.0,9.0
141,0.5,0.01,750000.0,0.5,456.0,0.0,0.0,0.0,0.0,0.0,0.0,0.0,0.0,0.0
142,2.5,0.01,750000.0,0.5,456.0,0.0,0.0,0.0,0.0,0.0,0.0,0.0,0.0,0.0
143,25.0,0.01,750000.0,0.5,456.0,0.0,0.0,0.0,0.0,0.0,0.0,0.0,0.0,0.0
144,50.0,0.01,750000.0,0.5,456.0,0.0,0.0,0.0,0.0,0.0,0.0,0.0,0.0,0.0
145,0.1,0.01,1000000.0,0.5,456.0,0.0,0.0,0.0,0.0,0.0,0.0,0.0,0.0,0.0
146,0.5,0.01,1000000.0,0.5,456.0,0.0,0.0,0.0,0.0,0.0,0.0,0.0,0.0,0.0
147,2.5,0.01,1000000.0,0.5,456.0,0.0,0.0,0.0,0.0,0.0,0.0,0.0,0.0,0.0
148,25.0,0.01,1000000.0,0.5,456.0,0.0,0.0,0.0,0.0,0.0,0.0,0.0,0.0,0.0
149,50.0,0.01,1000000.0,0.5,456.0,0.0,0.0,0.0,0.0,0.0,0.0,0.0,0.0,0.0
150,0.1,0.01,100000.0,1.0,456.0,0.0,0.0,0.0,0.0,0.0,0.0,0.0,0.0,0.0
151,0.5,0.01,100000.0,1.0,456.0,0.0,0.0,0.0,0.0,0.0,0.0,0.0,0.0,0.0
152,2.5,0.01,100000.0,1.0,456.0,0.0,0.0,0.0,0.0,0.0,0.0,0.0,0.0,0.0
153,25.0,0.01,100000.0,1.0,456.0,0.0,0.0,0.0,0.0,0.0,0.0,0.0,0.0,0.0
154,50.0,0.01,100000.0,1.0,456.0,0.0,0.0,0.0,0.0,0.0,0.0,0.0,0.0,0.0
155,0.1,0.01,250000.0,1.0,456.0,0.0,0.0,0.0,0.0,0.0,0.0,0.0,0.0,0.0
156,0.5,0.01,250000.0,1.0,456.0,0.0,0.0,0.0,0.0,0.0,0.0,0.0,0.0,0.0
157,2.5,0.01,250000.0,1.0,456.0,0.0,0.0,0.0,0.0,0.0,0.0,0.0,0.0,0.0
158,25.0,0.01,250000.0,1.0,456.0,0.0,0.0,0.0,0.0,0.0,0.0,0.0,0.0,0.0
159,50.0,0.01,250000.0,1.0,456.0,0.0,0.0,0.0,0.0,0.0,0.0,0.0,0.0,0.0
160,0.1,0.01,500000.0,1.0,456.0,0.0,0.0,0.0,0.0,0.0,0.0,0.0,0.0,0.0
161,0.5,0.01,500000.0,1.0,456.0,0.0,0.0,0.0,0.0,0.0,0.0,0.0,0.0,0.0
162,2.5,0.01,500000.0,1.0,456.0,0.0,0.0,0.0,0.0,0.0,0.0,0.0,0.0,0.0
163,25.0,0.01,500000.0,1.0,456.0,0.0,0.0,0.0,0.0,0.0,0.0,0.0,0.0,0.0
164,50.0,0.01,500000.0,1.0,456.0,0.0,0.0,0.0,0.0,0.0,0.0,0.0,0.0,0.0
165,0.1,0.01,750000.0,1.0,456.0,0.0,0.0,0.0,0.0,0.0,0.0,0.0,0.0,0.0
166,0.5,0.01,750000.0,1.0,456.0,0.0,0.0,0.0,0.0,0.0,0.0,0.0,0.0,0.0
167,2.5,0.01,750000.0,1.0,456.0,0.0,0.0,0.0,0.0,0.0,0.0,0.0,0.0,0.0
168,25.0,0.01,750000.0,1.0,456.0,0.0,0.0,0.0,0.0,0.0,0.0,0.0,0.0,0.0
169,50.0,0.01,750000.0,1.0,456.0,0.0,0.0,0.0,0.0,0.0,0.0,0.0,0.0,0.0
170,0.1,0.01,1000000.0,1.0,456.0,0.0,0.0,0.0,0.0,0.0,0.0,0.0,0.0,0.0
171,0.5,0.01,1000000.0,1.0,456.0,0.0,0.0,0.0,0.0,0.0,0.0,0.0,0.0,0.0
172,2.5,0.01,1000000.0,1.0,456.0,0.0,0.0,0.0,0.0,0.0,0.0,0.0,0.0,0.0
173,25.0,0.01,1000000.0,1.0,456.0,0.0,0.0,0.0,0.0,0.0,0.0,0.0,0.0,0.0
174,50.0,0.01,1000000.0,1.0,456.0,0.0,0.0,0.0,0.0,0.0,0.0,0.0,0.0,0.0
175,0.1,0.01,100000.0,2.5,456.0,0.05,0.22360679774997888,0.0,0.0,0.0,0.0,0.0,0.05000000000000071,1.0
176,0.5,0.01,100000.0,2.5,456.0,0.0,0.0,0.0,0.0,0.0,0.0,0.0,0.0,0.0
177,2.5,0.01,100000.0,2.5,456.0,0.0,0.0,0.0,0.0,0.0,0.0,0.0,0.0,0.0
178,25.0,0.01,100000.0,2.5,456.0,0.0,0.0,0.0,0.0,0.0,0.0,0.0,0.0,0.0
179,50.0,0.01,100000.0,2.5,456.0,0.0,0.0,0.0,0.0,0.0,0.0,0.0,0.0,0.0
180,0.1,0.01,250000.0,2.5,456.0,0.0,0.0,0.0,0.0,0.0,0.0,0.0,0.0,0.0
181,0.5,0.01,250000.0,2.5,456.0,0.0,0.0,0.0,0.0,0.0,0.0,0.0,0.0,0.0
182,2.5,0.01,250000.0,2.5,456.0,0.0,0.0,0.0,0.0,0.0,0.0,0.0,0.0,0.0
183,25.0,0.01,250000.0,2.5,456.0,0.0,0.0,0.0,0.0,0.0,0.0,0.0,0.0,0.0
184,50.0,0.01,250000.0,2.5,456.0,0.0,0.0,0.0,0.0,0.0,0.0,0.0,0.0,0.0
185,0.1,0.01,500000.0,2.5,456.0,0.0,0.0,0.0,0.0,0.0,0.0,0.0,0.0,0.0
186,0.5,0.01,500000.0,2.5,456.0,0.0,0.0,0.0,0.0,0.0,0.0,0.0,0.0,0.0
187,2.5,0.01,500000.0,2.5,456.0,0.0,0.0,0.0,0.0,0.0,0.0,0.0,0.0,0.0
188,25.0,0.01,500000.0,2.5,456.0,0.0,0.0,0.0,0.0,0.0,0.0,0.0,0.0,0.0
189,50.0,0.01,500000.0,2.5,456.0,0.0,0.0,0.0,0.0,0.0,0.0,0.0,0.0,0.0
190,0.1,0.01,750000.0,2.5,456.0,0.0,0.0,0.0,0.0,0.0,0.0,0.0,0.0,0.0
191,0.5,0.01,750000.0,2.5,456.0,0.0,0.0,0.0,0.0,0.0,0.0,0.0,0.0,0.0
192,2.5,0.01,750000.0,2.5,456.0,0.0,0.0,0.0,0.0,0.0,0.0,0.0,0.0,0.0
193,25.0,0.01,750000.0,2.5,456.0,0.0,0.0,0.0,0.0,0.0,0.0,0.0,0.0,0.0
194,50.0,0.01,750000.0,2.5,456.0,0.0,0.0,0.0,0.0,0.0,0.0,0.0,0.0,0.0
195,0.1,0.01,1000000.0,2.5,456.0,0.0,0.0,0.0,0.0,0.0,0.0,0.0,0.0,0.0
196,0.5,0.01,1000000.0,2.5,456.0,0.0,0.0,0.0,0.0,0.0,0.0,0.0,0.0,0.0
197,2.5,0.01,1000000.0,2.5,456.0,0.0,0.0,0.0,0.0,0.0,0.0,0.0,0.0,0.0
198,25.0,0.01,1000000.0,2.5,456.0,0.0,0.0,0.0,0.0,0.0,0.0,0.0,0.0,0.0
199,50.0,0.01,1000000.0,2.5,456.0,0.0,0.0,0.0,0.0,0.0,0.0,0.0,0.0,0.0
200,0.1,0.01,100000.0,5.0,456.0,0.0,0.0,0.0,0.0,0.0,0.0,0.0,0.0,0.0
201,0.5,0.01,100000.0,5.0,456.0,0.0,0.0,0.0,0.0,0.0,0.0,0.0,0.0,0.0
202,2.5,0.01,100000.0,5.0,456.0,0.0,0.0,0.0,0.0,0.0,0.0,0.0,0.0,0.0
203,25.0,0.01,100000.0,5.0,456.0,0.0,0.0,0.0,0.0,0.0,0.0,0.0,0.0,0.0
204,50.0,0.01,100000.0,5.0,456.0,1.0,0.0,1.0,1.0,1.0,1.0,1.0,1.0,1.0
205,0.1,0.01,250000.0,5.0,456.0,0.0,0.0,0.0,0.0,0.0,0.0,0.0,0.0,0.0
206,0.5,0.01,250000.0,5.0,456.0,0.0,0.0,0.0,0.0,0.0,0.0,0.0,0.0,0.0
207,2.5,0.01,250000.0,5.0,456.0,0.0,0.0,0.0,0.0,0.0,0.0,0.0,0.0,0.0
208,25.0,0.01,250000.0,5.0,456.0,0.0,0.0,0.0,0.0,0.0,0.0,0.0,0.0,0.0
209,50.0,0.01,250000.0,5.0,456.0,0.0,0.0,0.0,0.0,0.0,0.0,0.0,0.0,0.0
210,0.1,0.01,500000.0,5.0,456.0,0.0,0.0,0.0,0.0,0.0,0.0,0.0,0.0,0.0
211,0.5,0.01,500000.0,5.0,456.0,0.0,0.0,0.0,0.0,0.0,0.0,0.0,0.0,0.0
212,2.5,0.01,500000.0,5.0,456.0,0.0,0.0,0.0,0.0,0.0,0.0,0.0,0.0,0.0
213,25.0,0.01,500000.0,5.0,456.0,0.0,0.0,0.0,0.0,0.0,0.0,0.0,0.0,0.0
214,50.0,0.01,500000.0,5.0,456.0,0.0,0.0,0.0,0.0,0.0,0.0,0.0,0.0,0.0
215,0.1,0.01,750000.0,5.0,456.0,0.0,0.0,0.0,0.0,0.0,0.0,0.0,0.0,0.0
216,0.5,0.01,750000.0,5.0,456.0,0.0,0.0,0.0,0.0,0.0,0.0,0.0,0.0,0.0
217,2.5,0.01,750000.0,5.0,456.0,0.0,0.0,0.0,0.0,0.0,0.0,0.0,0.0,0.0
218,25.0,0.01,750000.0,5.0,456.0,0.0,0.0,0.0,0.0,0.0,0.0,0.0,0.0,0.0
219,50.0,0.01,750000.0,5.0,456.0,0.0,0.0,0.0,0.0,0.0,0.0,0.0,0.0,0.0
220,0.1,0.01,1000000.0,5.0,456.0,0.0,0.0,0.0,0.0,0.0,0.0,0.0,0.0,0.0
221,0.5,0.01,1000000.0,5.0,456.0,0.0,0.0,0.0,0.0,0.0,0.0,0.0,0.0,0.0
222,2.5,0.01,1000000.0,5.0,456.0,0.0,0.0,0.0,0.0,0.0,0.0,0.0,0.0,0.0
223,25.0,0.01,1000000.0,5.0,456.0,0.0,0.0,0.0,0.0,0.0,0.0,0.0,0.0,0.0
224,50.0,0.01,1000000.0,5.0,456.0,0.0,0.0,0.0,0.0,0.0,0.0,0.0,0.0,0.0
225,0.1,0.01,100000.0,10.0,456.0,0.0,0.0,0.0,0.0,0.0,0.0,0.0,0.0,0.0
226,0.5,0.01,100000.0,10.0,456.0,0.0,0.0,0.0,0.0,0.0,0.0,0.0,0.0,0.0
227,2.5,0.01,100000.0,10.0,456.0,0.0,0.0,0.0,0.0,0.0,0.0,0.0,0.0,0.0
228,25.0,0.01,100000.0,10.0,456.0,0.0,0.0,0.0,0.0,0.0,0.0,0.0,0.0,0.0
229,50.0,0.01,100000.0,10.0,456.0,1.7,0.47016234598162715,1.0,1.0,1.0,2.0,2.0,2.0,2.0
230,0.1,0.01,250000.0,10.0,456.0,0.0,0.0,0.0,0.0,0.0,0.0,0.0,0.0,0.0
231,0.5,0.01,250000.0,10.0,456.0,0.0,0.0,0.0,0.0,0.0,0.0,0.0,0.0,0.0
232,2.5,0.01,250000.0,10.0,456.0,0.0,0.0,0.0,0.0,0.0,0.0,0.0,0.0,0.0
233,25.0,0.01,250000.0,10.0,456.0,0.0,0.0,0.0,0.0,0.0,0.0,0.0,0.0,0.0
234,50.0,0.01,250000.0,10.0,456.0,0.0,0.0,0.0,0.0,0.0,0.0,0.0,0.0,0.0
235,0.1,0.01,500000.0,10.0,456.0,0.0,0.0,0.0,0.0,0.0,0.0,0.0,0.0,0.0
236,0.5,0.01,500000.0,10.0,456.0,0.0,0.0,0.0,0.0,0.0,0.0,0.0,0.0,0.0
237,2.5,0.01,500000.0,10.0,456.0,0.0,0.0,0.0,0.0,0.0,0.0,0.0,0.0,0.0
238,25.0,0.01,500000.0,10.0,456.0,0.0,0.0,0.0,0.0,0.0,0.0,0.0,0.0,0.0
239,50.0,0.01,500000.0,10.0,456.0,0.0,0.0,0.0,0.0,0.0,0.0,0.0,0.0,0.0
240,0.1,0.01,750000.0,10.0,456.0,0.0,0.0,0.0,0.0,0.0,0.0,0.0,0.0,0.0
241,0.5,0.01,750000.0,10.0,456.0,0.0,0.0,0.0,0.0,0.0,0.0,0.0,0.0,0.0
242,2.5,0.01,750000.0,10.0,456.0,0.0,0.0,0.0,0.0,0.0,0.0,0.0,0.0,0.0
243,25.0,0.01,750000.0,10.0,456.0,0.0,0.0,0.0,0.0,0.0,0.0,0.0,0.0,0.0
244,50.0,0.01,750000.0,10.0,456.0,0.0,0.0,0.0,0.0,0.0,0.0,0.0,0.0,0.0
245,0.1,0.01,1000000.0,10.0,456.0,0.0,0.0,0.0,0.0,0.0,0.0,0.0,0.0,0.0
246,0.5,0.01,1000000.0,10.0,456.0,0.0,0.0,0.0,0.0,0.0,0.0,0.0,0.0,0.0
247,2.5,0.01,1000000.0,10.0,456.0,0.0,0.0,0.0,0.0,0.0,0.0,0.0,0.0,0.0
248,25.0,0.01,1000000.0,10.0,456.0,0.0,0.0,0.0,0.0,0.0,0.0,0.0,0.0,0.0
249,50.0,0.01,1000000.0,10.0,456.0,0.0,0.0,0.0,0.0,0.0,0.0,0.0,0.0,0.0
250,0.1,0.01,100000.0,0.5,789.0,0.3,0.6569466853317862,0.0,0.0,0.0,0.0,0.0,2.0,2.0
251,0.5,0.01,100000.0,0.5,789.0,0.0,0.0,0.0,0.0,0.0,0.0,0.0,0.0,0.0
252,2.5,0.01,100000.0,0.5,789.0,0.0,0.0,0.0,0.0,0.0,0.0,0.0,0.0,0.0
253,25.0,0.01,100000.0,0.5,789.0,0.0,0.0,0.0,0.0,0.0,0.0,0.0,0.0,0.0
254,50.0,0.01,100000.0,0.5,789.0,0.0,0.0,0.0,0.0,0.0,0.0,0.0,0.0,0.0
255,0.1,0.01,250000.0,0.5,789.0,0.0,0.0,0.0,0.0,0.0,0.0,0.0,0.0,0.0
256,0.5,0.01,250000.0,0.5,789.0,0.0,0.0,0.0,0.0,0.0,0.0,0.0,0.0,0.0
257,2.5,0.01,250000.0,0.5,789.0,0.0,0.0,0.0,0.0,0.0,0.0,0.0,0.0,0.0
258,25.0,0.01,250000.0,0.5,789.0,0.0,0.0,0.0,0.0,0.0,0.0,0.0,0.0,0.0
259,50.0,0.01,250000.0,0.5,789.0,0.0,0.0,0.0,0.0,0.0,0.0,0.0,0.0,0.0
260,0.1,0.01,500000.0,0.5,789.0,0.0,0.0,0.0,0.0,0.0,0.0,0.0,0.0,0.0
261,0.5,0.01,500000.0,0.5,789.0,0.0,0.0,0.0,0.0,0.0,0.0,0.0,0.0,0.0
262,2.5,0.01,500000.0,0.5,789.0,0.0,0.0,0.0,0.0,0.0,0.0,0.0,0.0,0.0
263,25.0,0.01,500000.0,0.5,789.0,0.0,0.0,0.0,0.0,0.0,0.0,0.0,0.0,0.0
264,50.0,0.01,500000.0,0.5,789.0,0.0,0.0,0.0,0.0,0.0,0.0,0.0,0.0,0.0
265,0.1,0.01,750000.0,0.5,789.0,0.85,2.4767338424456895,0.0,0.0,0.0,0.0,0.25,2.4500000000000064,11.0
266,0.5,0.01,750000.0,0.5,789.0,0.0,0.0,0.0,0.0,0.0,0.0,0.0,0.0,0.0
267,2.5,0.01,750000.0,0.5,789.0,0.2,0.8944271909999157,0.0,0.0,0.0,0.0,0.0,0.20000000000000284,4.0
268,25.0,0.01,750000.0,0.5,789.0,0.0,0.0,0.0,0.0,0.0,0.0,0.0,0.0,0.0
269,50.0,0.01,750000.0,0.5,789.0,0.0,0.0,0.0,0.0,0.0,0.0,0.0,0.0,0.0
270,0.1,0.01,1000000.0,0.5,789.0,0.15,0.6708203932499376,0.0,0.0,0.0,0.0,0.0,0.15000000000000213,3.0
271,0.5,0.01,1000000.0,0.5,789.0,0.0,0.0,0.0,0.0,0.0,0.0,0.0,0.0,0.0
272,2.5,0.01,1000000.0,0.5,789.0,0.0,0.0,0.0,0.0,0.0,0.0,0.0,0.0,0.0
273,25.0,0.01,1000000.0,0.5,789.0,0.0,0.0,0.0,0.0,0.0,0.0,0.0,0.0,0.0
274,50.0,0.01,1000000.0,0.5,789.0,0.0,0.0,0.0,0.0,0.0,0.0,0.0,0.0,0.0
275,0.1,0.01,100000.0,1.0,789.0,0.0,0.0,0.0,0.0,0.0,0.0,0.0,0.0,0.0
276,0.5,0.01,100000.0,1.0,789.0,0.0,0.0,0.0,0.0,0.0,0.0,0.0,0.0,0.0
277,2.5,0.01,100000.0,1.0,789.0,0.0,0.0,0.0,0.0,0.0,0.0,0.0,0.0,0.0
278,25.0,0.01,100000.0,1.0,789.0,0.0,0.0,0.0,0.0,0.0,0.0,0.0,0.0,0.0
279,50.0,0.01,100000.0,1.0,789.0,0.0,0.0,0.0,0.0,0.0,0.0,0.0,0.0,0.0
280,0.1,0.01,250000.0,1.0,789.0,0.0,0.0,0.0,0.0,0.0,0.0,0.0,0.0,0.0
281,0.5,0.01,250000.0,1.0,789.0,0.0,0.0,0.0,0.0,0.0,0.0,0.0,0.0,0.0
282,2.5,0.01,250000.0,1.0,789.0,0.0,0.0,0.0,0.0,0.0,0.0,0.0,0.0,0.0
283,25.0,0.01,250000.0,1.0,789.0,0.0,0.0,0.0,0.0,0.0,0.0,0.0,0.0,0.0
284,50.0,0.01,250000.0,1.0,789.0,0.0,0.0,0.0,0.0,0.0,0.0,0.0,0.0,0.0
285,0.1,0.01,500000.0,1.0,789.0,0.0,0.0,0.0,0.0,0.0,0.0,0.0,0.0,0.0
286,0.5,0.01,500000.0,1.0,789.0,0.0,0.0,0.0,0.0,0.0,0.0,0.0,0.0,0.0
287,2.5,0.01,500000.0,1.0,789.0,0.0,0.0,0.0,0.0,0.0,0.0,0.0,0.0,0.0
288,25.0,0.01,500000.0,1.0,789.0,0.0,0.0,0.0,0.0,0.0,0.0,0.0,0.0,0.0
289,50.0,0.01,500000.0,1.0,789.0,0.0,0.0,0.0,0.0,0.0,0.0,0.0,0.0,0.0
290,0.1,0.01,750000.0,1.0,789.0,0.0,0.0,0.0,0.0,0.0,0.0,0.0,0.0,0.0
291,0.5,0.01,750000.0,1.0,789.0,0.0,0.0,0.0,0.0,0.0,0.0,0.0,0.0,0.0
292,2.5,0.01,750000.0,1.0,789.0,0.0,0.0,0.0,0.0,0.0,0.0,0.0,0.0,0.0
293,25.0,0.01,750000.0,1.0,789.0,0.0,0.0,0.0,0.0,0.0,0.0,0.0,0.0,0.0
294,50.0,0.01,750000.0,1.0,789.0,0.0,0.0,0.0,0.0,0.0,0.0,0.0,0.0,0.0
295,0.1,0.01,1000000.0,1.0,789.0,0.0,0.0,0.0,0.0,0.0,0.0,0.0,0.0,0.0
296,0.5,0.01,1000000.0,1.0,789.0,0.0,0.0,0.0,0.0,0.0,0.0,0.0,0.0,0.0
297,2.5,0.01,1000000.0,1.0,789.0,0.0,0.0,0.0,0.0,0.0,0.0,0.0,0.0,0.0
298,25.0,0.01,1000000.0,1.0,789.0,0.0,0.0,0.0,0.0,0.0,0.0,0.0,0.0,0.0
299,50.0,0.01,1000000.0,1.0,789.0,0.0,0.0,0.0,0.0,0.0,0.0,0.0,0.0,0.0
300,0.1,0.01,100000.0,2.5,789.0,0.0,0.0,0.0,0.0,0.0,0.0,0.0,0.0,0.0
301,0.5,0.01,100000.0,2.5,789.0,0.0,0.0,0.0,0.0,0.0,0.0,0.0,0.0,0.0
302,2.5,0.01,100000.0,2.5,789.0,0.0,0.0,0.0,0.0,0.0,0.0,0.0,0.0,0.0
303,25.0,0.01,100000.0,2.5,789.0,0.0,0.0,0.0,0.0,0.0,0.0,0.0,0.0,0.0
304,50.0,0.01,100000.0,2.5,789.0,0.0,0.0,0.0,0.0,0.0,0.0,0.0,0.0,0.0
305,0.1,0.01,250000.0,2.5,789.0,0.0,0.0,0.0,0.0,0.0,0.0,0.0,0.0,0.0
306,0.5,0.01,250000.0,2.5,789.0,0.0,0.0,0.0,0.0,0.0,0.0,0.0,0.0,0.0
307,2.5,0.01,250000.0,2.5,789.0,0.0,0.0,0.0,0.0,0.0,0.0,0.0,0.0,0.0
308,25.0,0.01,250000.0,2.5,789.0,0.0,0.0,0.0,0.0,0.0,0.0,0.0,0.0,0.0
309,50.0,0.01,250000.0,2.5,789.0,0.0,0.0,0.0,0.0,0.0,0.0,0.0,0.0,0.0
310,0.1,0.01,500000.0,2.5,789.0,0.0,0.0,0.0,0.0,0.0,0.0,0.0,0.0,0.0
311,0.5,0.01,500000.0,2.5,789.0,0.0,0.0,0.0,0.0,0.0,0.0,0.0,0.0,0.0
312,2.5,0.01,500000.0,2.5,789.0,0.0,0.0,0.0,0.0,0.0,0.0,0.0,0.0,0.0
313,25.0,0.01,500000.0,2.5,789.0,0.0,0.0,0.0,0.0,0.0,0.0,0.0,0.0,0.0
314,50.0,0.01,500000.0,2.5,789.0,0.0,0.0,0.0,0.0,0.0,0.0,0.0,0.0,0.0
315,0.1,0.01,750000.0,2.5,789.0,0.0,0.0,0.0,0.0,0.0,0.0,0.0,0.0,0.0
316,0.5,0.01,750000.0,2.5,789.0,0.0,0.0,0.0,0.0,0.0,0.0,0.0,0.0,0.0
317,2.5,0.01,750000.0,2.5,789.0,0.0,0.0,0.0,0.0,0.0,0.0,0.0,0.0,0.0
318,25.0,0.01,750000.0,2.5,789.0,0.0,0.0,0.0,0.0,0.0,0.0,0.0,0.0,0.0
319,50.0,0.01,750000.0,2.5,789.0,0.0,0.0,0.0,0.0,0.0,0.0,0.0,0.0,0.0
320,0.1,0.01,1000000.0,2.5,789.0,0.0,0.0,0.0,0.0,0.0,0.0,0.0,0.0,0.0
321,0.5,0.01,1000000.0,2.5,789.0,0.0,0.0,0.0,0.0,0.0,0.0,0.0,0.0,0.0
322,2.5,0.01,1000000.0,2.5,789.0,0.0,0.0,0.0,0.0,0.0,0.0,0.0,0.0,0.0
323,25.0,0.01,1000000.0,2.5,789.0,0.0,0.0,0.0,0.0,0.0,0.0,0.0,0.0,0.0
324,50.0,0.01,1000000.0,2.5,789.0,0.0,0.0,0.0,0.0,0.0,0.0,0.0,0.0,0.0
325,0.1,0.01,100000.0,5.0,789.0,0.0,0.0,0.0,0.0,0.0,0.0,0.0,0.0,0.0
326,0.5,0.01,100000.0,5.0,789.0,0.0,0.0,0.0,0.0,0.0,0.0,0.0,0.0,0.0
327,2.5,0.01,100000.0,5.0,789.0,0.0,0.0,0.0,0.0,0.0,0.0,0.0,0.0,0.0
328,25.0,0.01,100000.0,5.0,789.0,0.0,0.0,0.0,0.0,0.0,0.0,0.0,0.0,0.0
329,50.0,0.01,100000.0,5.0,789.0,1.0,0.0,1.0,1.0,1.0,1.0,1.0,1.0,1.0
330,0.1,0.01,250000.0,5.0,789.0,0.0,0.0,0.0,0.0,0.0,0.0,0.0,0.0,0.0
331,0.5,0.01,250000.0,5.0,789.0,0.0,0.0,0.0,0.0,0.0,0.0,0.0,0.0,0.0
332,2.5,0.01,250000.0,5.0,789.0,0.0,0.0,0.0,0.0,0.0,0.0,0.0,0.0,0.0
333,25.0,0.01,250000.0,5.0,789.0,0.0,0.0,0.0,0.0,0.0,0.0,0.0,0.0,0.0
334,50.0,0.01,250000.0,5.0,789.0,0.0,0.0,0.0,0.0,0.0,0.0,0.0,0.0,0.0
335,0.1,0.01,500000.0,5.0,789.0,0.0,0.0,0.0,0.0,0.0,0.0,0.0,0.0,0.0
336,0.5,0.01,500000.0,5.0,789.0,0.0,0.0,0.0,0.0,0.0,0.0,0.0,0.0,0.0
337,2.5,0.01,500000.0,5.0,789.0,0.0,0.0,0.0,0.0,0.0,0.0,0.0,0.0,0.0
338,25.0,0.01,500000.0,5.0,789.0,0.0,0.0,0.0,0.0,0.0,0.0,0.0,0.0,0.0
339,50.0,0.01,500000.0,5.0,789.0,0.0,0.0,0.0,0.0,0.0,0.0,0.0,0.0,0.0
340,0.1,0.01,750000.0,5.0,789.0,0.0,0.0,0.0,0.0,0.0,0.0,0.0,0.0,0.0
341,0.5,0.01,750000.0,5.0,789.0,0.0,0.0,0.0,0.0,0.0,0.0,0.0,0.0,0.0
342,2.5,0.01,750000.0,5.0,789.0,0.0,0.0,0.0,0.0,0.0,0.0,0.0,0.0,0.0
343,25.0,0.01,750000.0,5.0,789.0,0.0,0.0,0.0,0.0,0.0,0.0,0.0,0.0,0.0
344,50.0,0.01,750000.0,5.0,789.0,0.0,0.0,0.0,0.0,0.0,0.0,0.0,0.0,0.0
345,0.1,0.01,1000000.0,5.0,789.0,0.0,0.0,0.0,0.0,0.0,0.0,0.0,0.0,0.0
346,0.5,0.01,1000000.0,5.0,789.0,0.0,0.0,0.0,0.0,0.0,0.0,0.0,0.0,0.0
347,2.5,0.01,1000000.0,5.0,789.0,0.0,0.0,0.0,0.0,0.0,0.0,0.0,0.0,0.0
348,25.0,0.01,1000000.0,5.0,789.0,0.0,0.0,0.0,0.0,0.0,0.0,0.0,0.0,0.0
349,50.0,0.01,1000000.0,5.0,789.0,0.0,0.0,0.0,0.0,0.0,0.0,0.0,0.0,0.0
350,0.1,0.01,100000.0,10.0,789.0,0.0,0.0,0.0,0.0,0.0,0.0,0.0,0.0,0.0
351,0.5,0.01,100000.0,10.0,789.0,0.0,0.0,0.0,0.0,0.0,0.0,0.0,0.0,0.0
352,2.5,0.01,100000.0,10.0,789.0,0.0,0.0,0.0,0.0,0.0,0.0,0.0,0.0,0.0
353,25.0,0.01,100000.0,10.0,789.0,0.0,0.0,0.0,0.0,0.0,0.0,0.0,0.0,0.0
354,50.0,0.01,100000.0,10.0,789.0,1.0,0.0,1.0,1.0,1.0,1.0,1.0,1.0,1.0
355,0.1,0.01,250000.0,10.0,789.0,0.0,0.0,0.0,0.0,0.0,0.0,0.0,0.0,0.0
356,0.5,0.01,250000.0,10.0,789.0,0.0,0.0,0.0,0.0,0.0,0.0,0.0,0.0,0.0
357,2.5,0.01,250000.0,10.0,789.0,0.0,0.0,0.0,0.0,0.0,0.0,0.0,0.0,0.0
358,25.0,0.01,250000.0,10.0,789.0,0.0,0.0,0.0,0.0,0.0,0.0,0.0,0.0,0.0
359,50.0,0.01,250000.0,10.0,789.0,0.0,0.0,0.0,0.0,0.0,0.0,0.0,0.0,0.0
360,0.1,0.01,500000.0,10.0,789.0,0.0,0.0,0.0,0.0,0.0,0.0,0.0,0.0,0.0
361,0.5,0.01,500000.0,10.0,789.0,0.0,0.0,0.0,0.0,0.0,0.0,0.0,0.0,0.0
362,2.5,0.01,500000.0,10.0,789.0,0.0,0.0,0.0,0.0,0.0,0.0,0.0,0.0,0.0
363,25.0,0.01,500000.0,10.0,789.0,0.0,0.0,0.0,0.0,0.0,0.0,0.0,0.0,0.0
364,50.0,0.01,500000.0,10.0,789.0,0.0,0.0,0.0,0.0,0.0,0.0,0.0,0.0,0.0
365,0.1,0.01,750000.0,10.0,789.0,0.0,0.0,0.0,0.0,0.0,0.0,0.0,0.0,0.0
366,0.5,0.01,750000.0,10.0,789.0,0.0,0.0,0.0,0.0,0.0,0.0,0.0,0.0,0.0
367,2.5,0.01,750000.0,10.0,789.0,0.0,0.0,0.0,0.0,0.0,0.0,0.0,0.0,0.0
368,25.0,0.01,750000.0,10.0,789.0,0.0,0.0,0.0,0.0,0.0,0.0,0.0,0.0,0.0
369,50.0,0.01,750000.0,10.0,789.0,0.0,0.0,0.0,0.0,0.0,0.0,0.0,0.0,0.0
370,0.1,0.01,1000000.0,10.0,789.0,0.0,0.0,0.0,0.0,0.0,0.0,0.0,0.0,0.0
371,0.5,0.01,1000000.0,10.0,789.0,0.0,0.0,0.0,0.0,0.0,0.0,0.0,0.0,0.0
372,2.5,0.01,1000000.0,10.0,789.0,0.0,0.0,0.0,0.0,0.0,0.0,0.0,0.0,0.0
373,25.0,0.01,1000000.0,10.0,789.0,0.0,0.0,0.0,0.0,0.0,0.0,0.0,0.0,0.0
374,50.0,0.01,1000000.0,10.0,789.0,0.0,0.0,0.0,0.0,0.0,0.0,0.0,0.0,0.0
